Response_ID,Language,Language_Label,Record_Type,Source_File,Timestamp,Q01_Physical_symptoms_PM25_smoke,Q02_Age_group,Q03_Activities_stopped_or_changed,Q04_Items_bought_or_used_more,Q05_Neighborhood_or_market_changes,Q06_Outdoor_smoke_management,Q07_Mood_or_stress_impact,Q08_Air_quality_affects_interaction,Q09_Indoor_air_and_heat_management,Q10_Less_time_public_places,Q11_Reasons_people_do_not_wear_masks,Q12_Only_wear_mask_when_sick_or_dusty,Q13_Dust_or_ash_cleaning_frequency,Q14_Main_reason_for_wearing_mask,Q15_Smoke_feels_normal_forever,Q16_Feelings_living_here_smoky_season,Q17_Remove_mask_in_air_conditioned_indoor_place,Q18_Biggest_cause_air_pollution,Q19_How_check_PM25_bad_today,Q20_Air_quality_improve_next_5_years
R001,TH,Thai,Original,ฝุ่นควัน_PM2.5_ในพื้นที่แม่สอด_Maesot_and_Tak_Area_PM_2.5_response_Thai(1).csv,27/03/2026 21:09:11,"มีอาการแพ้ (จาม, แสบตา/คันตา), มีปัญหาทางด้านการหายใจหรือระบบทางเดินหายใจ",18-25 ปี,"การเล่นกีฬา(ฟุตบอล, วิ่ง และอื่นๆ), การออกกำลังกายหรือเดินเล่นนอกบ้าน","เครื่องฟอกอากาศหรือแผ่นกรองอากาศใหม่, ยาแก้ไอหรือยาแก้แพ้","อากาศมีกลิ่นเหมือนการเผาไหม้หรือกลิ่นควันไม้, มองเห็นภูเขาหรือตึกที่อยู่ไกลออกไปได้ยาก, ทุกอย่างดูเป็นสีเทาไปหมด",สวมหน้ากากอนามัย และพกสเปรย์แอลกอฮอล์,ฉันรู้สึกเครียดและกังวลมาก,ไม่ หมอกควันไม่ได้ทำให้วิธีการเข้าสังคมหรือการพูดคุยกับผู้คนของฉันเปลี่ยนไป,อยู่ในห้องที่เปิดเครื่องปรับอากาศ (แอร์) และปิดหน้าต่างทุกบาน,น้อยลงกว่าเดิมเล็กน้อย,ขี้เกียจ,ใช่ เฉพาะตอนที่ฉันเริ่มรู้สึกไม่ดีหรือเห็นฝุ่นเท่านั้น,ไม่เคยเลย,ฉันสวมบ้างเป็นบางครั้ง แต่จะถอดออกเมื่อไม่ได้อยู่ที่ทำงาน,ไม่ ฉันยังรู้สึกว่ามันเป็นปัญหาที่อันตรายและไม่ควรเป็นเรื่องปกติ,เป็นกังวลเนื่องจากหมอกควัญที่เยอะขึ้นในทุกๆปีและดูเหมือนจะไม่ลดลง,ใช่ ฉันรู้สึกปลอดภัยจากหมอกควันเมื่ออยู่ข้างใน,"การเผาพื้นที่เกษตรกรรมและไฟป่า, ควันจากรถยนต์เก่า รถบรรทุก และรถจักรยานยนต์, การเผาขยะ หรือการสูบบุหรี่ในที่สาธารณะ",ติดตามผ่านโซเชียลมีเดีย (เช่น กลุ่ม Facebook หรือ Line),ไม่ ฉันคิดว่ามันจะเหมือนเดิมหรือแย่ลงกว่าเดิม
R002,TH,Thai,Original,ฝุ่นควัน_PM2.5_ในพื้นที่แม่สอด_Maesot_and_Tak_Area_PM_2.5_response_Thai(1).csv,27/03/2026 21:12:58,"มีอาการแพ้ (จาม, แสบตา/คันตา)",ต่ำกว่า 18 ปี,"การเล่นกีฬา(ฟุตบอล, วิ่ง และอื่นๆ), การเดินทางหรือไปเที่ยวรอบๆ พื้นที่แม่สอด, การทำงานหรือนั่งเรียนในพื้นที่เปิดโล่ง (Outdoor)","หน้ากากอนามัย, ใช้ไฟฟ้ามากขึ้นสำหรับพัดลมหรือเครื่องปรับอากาศ (แอร์), เครื่องฟอกอากาศหรือแผ่นกรองอากาศใหม่, ยาแก้ไอหรือยาแก้แพ้","คนออกมาเดินเล่นหรือซื้อของน้อยลง, อากาศมีกลิ่นเหมือนการเผาไหม้หรือกลิ่นควันไม้, มองเห็นภูเขาหรือตึกที่อยู่ไกลออกไปได้ยาก, ทุกอย่างดูเป็นสีเทาไปหมด","สวมหน้ากากอนามัย และพกสเปรย์แอลกอฮอล์, เดินทางโดยรถยนต์ (ปิดกระจก)",ฉันรู้สึกรำคาญใจเล็กน้อย,ใช่ บางครั้งฉันพูดน้อยลงเพราะต้องการใส่หน้ากากอนามัยไว้ตลอดเวลา,อยู่ในห้องที่เปิดเครื่องปรับอากาศ (แอร์) และปิดหน้าต่างทุกบาน,น้อยลงกว่าเดิมเล็กน้อย,เวลาใส่จะรู้สึกร้อน,ใช่ เฉพาะตอนที่ฉันเริ่มรู้สึกไม่ดีหรือเห็นฝุ่นเท่านั้น,2-3 ครั้งต่อสัปดาห์,ฉันสวมเพราะต้องการดูแลและป้องกันสุขภาพของตัวเอง,ใช่ มันกลายเป็นเรื่องปกติของทุกปีไปแล้ว,ฉันอยากย้ายออกไป แต่ไม่มีทางเลือกเพราะเรื่องงานหรือเรื่องเรียน,ใช่ ฉันรู้สึกปลอดภัยจากหมอกควันเมื่ออยู่ข้างใน,"การเผาพื้นที่เกษตรกรรมและไฟป่า, ควันจากรถยนต์เก่า รถบรรทุก และรถจักรยานยนต์, การเผาขยะ หรือการสูบบุหรี่ในที่สาธารณะ, ควันลอยมาจากพื้นที่ฝั่งประเทศเพื่อนบ้าน (ข้ามพรมแดน)",ติดตามผ่านโซเชียลมีเดีย (เช่น กลุ่ม Facebook หรือ Line),ไม่ ฉันคิดว่ามันจะเหมือนเดิมหรือแย่ลงกว่าเดิม
R003,TH,Thai,Original,ฝุ่นควัน_PM2.5_ในพื้นที่แม่สอด_Maesot_and_Tak_Area_PM_2.5_response_Thai(1).csv,27/03/2026 21:15:13,"มีอาการแพ้ (จาม, แสบตา/คันตา), มีปัญหาทางด้านการหายใจหรือระบบทางเดินหายใจ",ต่ำกว่า 18 ปี,การเดินทางหรือไปเที่ยวรอบๆ พื้นที่แม่สอด,"หน้ากากอนามัย, ยาแก้ไอหรือยาแก้แพ้","ผู้คนสวมหน้ากากอนามัยกันมากขึ้น, อากาศมีกลิ่นเหมือนการเผาไหม้หรือกลิ่นควันไม้, ทุกอย่างดูเป็นสีเทาไปหมด","สวมหน้ากากอนามัย และพกสเปรย์แอลกอฮอล์, เดินทางโดยรถยนต์ (ปิดกระจก)",ฉันรู้สึกรำคาญใจเล็กน้อย,ไม่ หมอกควันไม่ได้ทำให้วิธีการเข้าสังคมหรือการพูดคุยกับผู้คนของฉันเปลี่ยนไป,อยู่ในห้องที่เปิดเครื่องปรับอากาศ (แอร์) และปิดหน้าต่างทุกบาน,ส่วนใหญ่จะอยู่แต่ภายในอาคาร,อาจรู้สึกชิน,ใช่ เฉพาะตอนที่ฉันเริ่มรู้สึกไม่ดีหรือเห็นฝุ่นเท่านั้น,2-3 ครั้งต่อสัปดาห์,ฉันสวมเพราะต้องการดูแลและป้องกันสุขภาพของตัวเอง,"ใช่ มันกลายเป็นเรื่องปกติของทุกปีไปแล้ว, ไม่ ฉันยังรู้สึกว่ามันเป็นปัญหาที่อันตรายและไม่ควรเป็นเรื่องปกติ",ปรับตัวเลือกสวมหน้ากากเพื่อความปลอดภัย,ใช่ ฉันรู้สึกปลอดภัยจากหมอกควันเมื่ออยู่ข้างใน,"การเผาพื้นที่เกษตรกรรมและไฟป่า, ควันจากรถยนต์เก่า รถบรรทุก และรถจักรยานยนต์, การเผาขยะ หรือการสูบบุหรี่ในที่สาธารณะ",ไม่ได้ตรวจสอบ จะรู้ก็ต่อเมื่อเริ่มรู้สึกไม่สบายหรือป่วยเท่านั้น,ไม่รู้ต้องดูการแก้ปัญหาของคนในพื้นที่
R004,TH,Thai,Original,ฝุ่นควัน_PM2.5_ในพื้นที่แม่สอด_Maesot_and_Tak_Area_PM_2.5_response_Thai(1).csv,27/03/2026 21:22:56,"มีอาการแพ้ (จาม, แสบตา/คันตา), มีปัญหาทางด้านการหายใจหรือระบบทางเดินหายใจ",ต่ำกว่า 18 ปี,"การเดินทางหรือไปเที่ยวรอบๆ พื้นที่แม่สอด, การออกกำลังกายหรือเดินเล่นนอกบ้าน","หน้ากากอนามัย, อุปกรณ์ทำความสะอาดภายในบ้าน, ยาหยอดตาหรือสเปรย์ฉีดจมูก","คนออกมาเดินเล่นหรือซื้อของน้อยลง, อากาศมีกลิ่นเหมือนการเผาไหม้หรือกลิ่นควันไม้, ทุกอย่างดูเป็นสีเทาไปหมด",สวมหน้ากากอนามัย และพกสเปรย์แอลกอฮอล์,ฉันรู้สึกรำคาญใจเล็กน้อย,ใช่ บางครั้งฉันพูดน้อยลงเพราะต้องการใส่หน้ากากอนามัยไว้ตลอดเวลา,อยู่ในห้องที่เปิดเครื่องปรับอากาศ (แอร์) และปิดหน้าต่างทุกบาน,ออกไปเฉพาะเวลาทำงานหรือไปหาอาหารเท่านั้น,ไม่ใส่ใจ,ใช่ เฉพาะตอนที่ฉันเริ่มรู้สึกไม่ดีหรือเห็นฝุ่นเท่านั้น,ทุกวัน,ฉันสวมบ้างเป็นบางครั้ง แต่จะถอดออกเมื่อไม่ได้อยู่ที่ทำงาน,ใช่ มันกลายเป็นเรื่องปกติของทุกปีไปแล้ว,ฉันอยากย้ายออกไป แต่ไม่มีทางเลือกเพราะเรื่องงานหรือเรื่องเรียน,ใช่ เพราะทำให้คุยกันและกินอาหารได้สะดวกกว่า,"การเผาพื้นที่เกษตรกรรมและไฟป่า, ควันจากรถยนต์เก่า รถบรรทุก และรถจักรยานยนต์, การเผาขยะ หรือการสูบบุหรี่ในที่สาธารณะ",สังเกตจากท้องฟ้าหรือกลุ่มก้อนเมฆด้วยตาเปล่า,ไม่ ฉันคิดว่ามันจะเหมือนเดิมหรือแย่ลงกว่าเดิม
R005,TH,Thai,Original,ฝุ่นควัน_PM2.5_ในพื้นที่แม่สอด_Maesot_and_Tak_Area_PM_2.5_response_Thai(1).csv,27/03/2026 21:37:36,"มีอาการแพ้ (จาม, แสบตา/คันตา)",ต่ำกว่า 18 ปี,"การเล่นกีฬา(ฟุตบอล, วิ่ง และอื่นๆ)",ไม่ได้ใช้,ผู้คนสวมหน้ากากอนามัยกันมากขึ้น,สวมหน้ากากอนามัย และพกสเปรย์แอลกอฮอล์,ฉันรู้สึกรำคาญใจเล็กน้อย,ไม่ หมอกควันไม่ได้ทำให้วิธีการเข้าสังคมหรือการพูดคุยกับผู้คนของฉันเปลี่ยนไป,เปิดหน้าต่างและประตูทุกบานเพื่อให้ระบายอากาศ,ใช้เวลาเท่าเดิมตามปกติ,เพราะมองว่าเป็นเรื่องไม่จำเป็น มองว่าเป็นเรื่องไม่ใหญ่มาก,ไม่ ปกติฉันก็แทบจะไม่ใส่หน้ากากอยู่แล้ว,2-3 ครั้งต่อสัปดาห์,ฉันไม่สวมหน้ากากเลย เพราะไม่มีใครบังคับ,ไม่ ฉันยังรู้สึกว่ามันเป็นปัญหาที่อันตรายและไม่ควรเป็นเรื่องปกติ,ฉันจะอยู่ที่นี่ต่อไปและยอมรับว่ามันเป็นส่วนหนึ่งของชีวิต,ใช่ ฉันรู้สึกปลอดภัยจากหมอกควันเมื่ออยู่ข้างใน,ควันจากรถยนต์เก่า รถบรรทุก และรถจักรยานยนต์,ไม่ได้ตรวจสอบ จะรู้ก็ต่อเมื่อเริ่มรู้สึกไม่สบายหรือป่วยเท่านั้น,ใช่ ฉันเชื่อว่ามันจะดีขึ้น
R006,TH,Thai,Original,ฝุ่นควัน_PM2.5_ในพื้นที่แม่สอด_Maesot_and_Tak_Area_PM_2.5_response_Thai(1).csv,27/03/2026 21:41:08,"มีอาการแพ้ (จาม, แสบตา/คันตา), มีปัญหาทางด้านการหายใจหรือระบบทางเดินหายใจ",18-25 ปี,"การเดินทางหรือไปเที่ยวรอบๆ พื้นที่แม่สอด, การออกกำลังกายหรือเดินเล่นนอกบ้าน","หน้ากากอนามัย, ยาแก้ไอหรือยาแก้แพ้","อากาศมีกลิ่นเหมือนการเผาไหม้หรือกลิ่นควันไม้, มองเห็นภูเขาหรือตึกที่อยู่ไกลออกไปได้ยาก",สวมหน้ากากอนามัย และพกสเปรย์แอลกอฮอล์,ฉันรู้สึกรำคาญใจเล็กน้อย,ไม่ หมอกควันไม่ได้ทำให้วิธีการเข้าสังคมหรือการพูดคุยกับผู้คนของฉันเปลี่ยนไป,อยู่ในห้องที่เปิดเครื่องปรับอากาศ (แอร์) และปิดหน้าต่างทุกบาน,ส่วนใหญ่จะอยู่แต่ภายในอาคาร,เพราะไม่รู้ถึงผลที่จะตามมา,ใช่ เฉพาะตอนที่ฉันเริ่มรู้สึกไม่ดีหรือเห็นฝุ่นเท่านั้น,เฉพาะช่วงที่อากาศแย่มากๆ,ฉันสวมเฉพาะเมื่อที่ทำงาน โรงเรียน หรือร้านค้าบังคับให้ใส่เท่านั้น,ใช่ มันกลายเป็นเรื่องปกติของทุกปีไปแล้ว,ฉันอยากย้ายออกไป แต่ไม่มีทางเลือกเพราะเรื่องงานหรือเรื่องเรียน,ใช่ ฉันรู้สึกปลอดภัยจากหมอกควันเมื่ออยู่ข้างใน,การเผาพื้นที่เกษตรกรรมและไฟป่า,ติดตามผ่านโซเชียลมีเดีย (เช่น กลุ่ม Facebook หรือ Line),ไม่ ฉันคิดว่ามันจะเหมือนเดิมหรือแย่ลงกว่าเดิม
R007,TH,Thai,Original,ฝุ่นควัน_PM2.5_ในพื้นที่แม่สอด_Maesot_and_Tak_Area_PM_2.5_response_Thai(1).csv,28/03/2026 09:54:24,"มีอาการแพ้ (จาม, แสบตา/คันตา)",ต่ำกว่า 18 ปี,"การเล่นกีฬา(ฟุตบอล, วิ่ง และอื่นๆ), การออกกำลังกายหรือเดินเล่นนอกบ้าน","หน้ากากอนามัย, ใช้ไฟฟ้ามากขึ้นสำหรับพัดลมหรือเครื่องปรับอากาศ (แอร์)","คนออกมาเดินเล่นหรือซื้อของน้อยลง, อากาศมีกลิ่นเหมือนการเผาไหม้หรือกลิ่นควันไม้",สวมหน้ากากอนามัย และพกสเปรย์แอลกอฮอล์,ฉันรู้สึกรำคาญใจเล็กน้อย,ไม่ หมอกควันไม่ได้ทำให้วิธีการเข้าสังคมหรือการพูดคุยกับผู้คนของฉันเปลี่ยนไป,อยู่ในห้องที่เปิดเครื่องปรับอากาศ (แอร์) และปิดหน้าต่างทุกบาน,น้อยลงกว่าเดิมเล็กน้อย,ไม่ตระหนักทุกปัญหามากเท่าที่ควร,ใช่ เฉพาะตอนที่ฉันเริ่มรู้สึกไม่ดีหรือเห็นฝุ่นเท่านั้น,ทุกวัน,ฉันสวมบ้างเป็นบางครั้ง แต่จะถอดออกเมื่อไม่ได้อยู่ที่ทำงาน,ใช่ มันกลายเป็นเรื่องปกติของทุกปีไปแล้ว,ฉันจะอยู่ที่นี่ต่อไปและยอมรับว่ามันเป็นส่วนหนึ่งของชีวิต,ไม่ ฉันคิดว่าไม่จำเป็นต้องสวมหน้ากากเมื่ออยู่ในอาคารอยู่แล้ว,การเผาพื้นที่เกษตรกรรมและไฟป่า,สังเกตจากท้องฟ้าหรือกลุ่มก้อนเมฆด้วยตาเปล่า,ไม่ ฉันคิดว่ามันจะเหมือนเดิมหรือแย่ลงกว่าเดิม
R008,TH,Thai,Original,ฝุ่นควัน_PM2.5_ในพื้นที่แม่สอด_Maesot_and_Tak_Area_PM_2.5_response_Thai(1).csv,28/03/2026 09:55:07,"มีอาการแพ้ (จาม, แสบตา/คันตา)",ต่ำกว่า 18 ปี,"การเล่นกีฬา(ฟุตบอล, วิ่ง และอื่นๆ), การออกกำลังกายหรือเดินเล่นนอกบ้าน","หน้ากากอนามัย, ใช้ไฟฟ้ามากขึ้นสำหรับพัดลมหรือเครื่องปรับอากาศ (แอร์)","คนออกมาเดินเล่นหรือซื้อของน้อยลง, อากาศมีกลิ่นเหมือนการเผาไหม้หรือกลิ่นควันไม้",สวมหน้ากากอนามัย และพกสเปรย์แอลกอฮอล์,ฉันรู้สึกรำคาญใจเล็กน้อย,ไม่ หมอกควันไม่ได้ทำให้วิธีการเข้าสังคมหรือการพูดคุยกับผู้คนของฉันเปลี่ยนไป,อยู่ในห้องที่เปิดเครื่องปรับอากาศ (แอร์) และปิดหน้าต่างทุกบาน,น้อยลงกว่าเดิมเล็กน้อย,ไม่ตระหนักทุกปัญหามากเท่าที่ควร,ใช่ เฉพาะตอนที่ฉันเริ่มรู้สึกไม่ดีหรือเห็นฝุ่นเท่านั้น,ทุกวัน,ฉันสวมบ้างเป็นบางครั้ง แต่จะถอดออกเมื่อไม่ได้อยู่ที่ทำงาน,ใช่ มันกลายเป็นเรื่องปกติของทุกปีไปแล้ว,ฉันจะอยู่ที่นี่ต่อไปและยอมรับว่ามันเป็นส่วนหนึ่งของชีวิต,ไม่ ฉันคิดว่าไม่จำเป็นต้องสวมหน้ากากเมื่ออยู่ในอาคารอยู่แล้ว,การเผาพื้นที่เกษตรกรรมและไฟป่า,สังเกตจากท้องฟ้าหรือกลุ่มก้อนเมฆด้วยตาเปล่า,ไม่ ฉันคิดว่ามันจะเหมือนเดิมหรือแย่ลงกว่าเดิม
R009,TH,Thai,Original,ฝุ่นควัน_PM2.5_ในพื้นที่แม่สอด_Maesot_and_Tak_Area_PM_2.5_response_Thai(1).csv,28/03/2026 13:05:05,"มีปัญหาทางด้านการหายใจหรือระบบทางเดินหายใจ,",ต่ำกว่า 18 ปี,"การเล่นกีฬา(ฟุตบอล, วิ่ง และอื่นๆ), การทำงานหรือนั่งเรียนในพื้นที่เปิดโล่ง (Outdoor)","หน้ากากอนามัย, เครื่องฟอกอากาศหรือแผ่นกรองอากาศใหม่, ยาแก้ไอหรือยาแก้แพ้","ผู้คนสวมหน้ากากอนามัยกันมากขึ้น, อากาศมีกลิ่นเหมือนการเผาไหม้หรือกลิ่นควันไม้, มองเห็นภูเขาหรือตึกที่อยู่ไกลออกไปได้ยาก, ทุกอย่างดูเป็นสีเทาไปหมด",สวมหน้ากากอนามัย และพกสเปรย์แอลกอฮอล์,ฉันรู้สึกรำคาญใจเล็กน้อย,ใช่ บางครั้งฉันพูดน้อยลงเพราะต้องการใส่หน้ากากอนามัยไว้ตลอดเวลา,ใช้พัดลมและเปิดหน้าต่างทิ้งไว้,น้อยลงกว่าเดิมเล็กน้อย,สดวกสบาย,ไม่ ฉันใส่หน้ากากตลอดเวลาเพื่อความปลอดภัย,2-3 ครั้งต่อสัปดาห์,ฉันสวมเพราะต้องการดูแลและป้องกันสุขภาพของตัวเอง,ไม่ ฉันยังรู้สึกว่ามันเป็นปัญหาที่อันตรายและไม่ควรเป็นเรื่องปกติ,ฉันอยากย้ายออกไป แต่ไม่มีทางเลือกเพราะเรื่องงานหรือเรื่องเรียน,ใช่ ฉันรู้สึกปลอดภัยจากหมอกควันเมื่ออยู่ข้างใน,"การเผาพื้นที่เกษตรกรรมและไฟป่า, ควันจากรถยนต์เก่า รถบรรทุก และรถจักรยานยนต์, การเผาขยะ หรือการสูบบุหรี่ในที่สาธารณะ",ตรวจสอบผ่านแอปพลิเคชันพยากรณ์อากาศหรือเว็บไซต์ (เช่น IQAir / AirVisual),ใช่ ฉันเชื่อว่ามันจะดีขึ้น
R010,TH,Thai,Original,ฝุ่นควัน_PM2.5_ในพื้นที่แม่สอด_Maesot_and_Tak_Area_PM_2.5_response_Thai(1).csv,28/03/2026 13:13:17,"มีอาการแพ้ (จาม, แสบตา/คันตา)",ต่ำกว่า 18 ปี,"การไปนั่งเล่นกับเพื่อนตามคาเฟ่หรือสวนสาธารณะ, การออกกำลังกายหรือเดินเล่นนอกบ้าน","อุปกรณ์ทำความสะอาดภายในบ้าน, ใช้ไฟฟ้ามากขึ้นสำหรับพัดลมหรือเครื่องปรับอากาศ (แอร์)","คนออกมาเดินเล่นหรือซื้อของน้อยลง, ทุกอย่างดูเป็นสีเทาไปหมด",สวมหน้ากากอนามัย และพกสเปรย์แอลกอฮอล์,ฉันรู้สึกรำคาญใจเล็กน้อย,ใช่ บางครั้งฉันพูดน้อยลงเพราะต้องการใส่หน้ากากอนามัยไว้ตลอดเวลา,อยู่ในห้องที่เปิดเครื่องปรับอากาศ (แอร์) และปิดหน้าต่างทุกบาน,ออกไปเฉพาะเวลาทำงานหรือไปหาอาหารเท่านั้น,อาจจะเป็นเพราะไม่อยากซื้อหน้ากากอนามัยหรือใส่แล้วอึดอัด,ใช่ เฉพาะตอนที่ฉันเริ่มรู้สึกไม่ดีหรือเห็นฝุ่นเท่านั้น,เฉพาะช่วงที่อากาศแย่มากๆ,ฉันสวมบ้างเป็นบางครั้ง แต่จะถอดออกเมื่อไม่ได้อยู่ที่ทำงาน,ใช่ มันกลายเป็นเรื่องปกติของทุกปีไปแล้ว,ฉันอยากย้ายออกไป แต่ไม่มีทางเลือกเพราะเรื่องงานหรือเรื่องเรียน,ใช่ เพราะทำให้คุยกันและกินอาหารได้สะดวกกว่า,"ควันจากรถยนต์เก่า รถบรรทุก และรถจักรยานยนต์, การเผาขยะ หรือการสูบบุหรี่ในที่สาธารณะ",สังเกตจากท้องฟ้าหรือกลุ่มก้อนเมฆด้วยตาเปล่า,ใช่ ฉันเชื่อว่ามันจะดีขึ้น
R011,TH,Thai,Original,ฝุ่นควัน_PM2.5_ในพื้นที่แม่สอด_Maesot_and_Tak_Area_PM_2.5_response_Thai(1).csv,28/03/2026 14:02:42,"มีอาการแพ้ (จาม, แสบตา/คันตา), มีปัญหาทางด้านการหายใจหรือระบบทางเดินหายใจ",ต่ำกว่า 18 ปี,"การเล่นกีฬา(ฟุตบอล, วิ่ง และอื่นๆ), การทำงานหรือนั่งเรียนในพื้นที่เปิดโล่ง (Outdoor)","หน้ากากอนามัย, ยาแก้ไอหรือยาแก้แพ้","คนออกมาเดินเล่นหรือซื้อของน้อยลง, อากาศมีกลิ่นเหมือนการเผาไหม้หรือกลิ่นควันไม้, มองเห็นภูเขาหรือตึกที่อยู่ไกลออกไปได้ยาก",สวมหน้ากากอนามัย และพกสเปรย์แอลกอฮอล์,ฉันรู้สึกเครียดและกังวลมาก,ใช่ บางครั้งฉันพูดน้อยลงเพราะต้องการใส่หน้ากากอนามัยไว้ตลอดเวลา,อยู่ในห้องที่เปิดเครื่องปรับอากาศ (แอร์) และปิดหน้าต่างทุกบาน,ส่วนใหญ่จะอยู่แต่ภายในอาคาร,อาจเป็นความเคยชิน,ใช่ เฉพาะตอนที่ฉันเริ่มรู้สึกไม่ดีหรือเห็นฝุ่นเท่านั้น,ทุกวัน,ฉันสวมเพราะต้องการดูแลและป้องกันสุขภาพของตัวเอง,ใช่ มันกลายเป็นเรื่องปกติของทุกปีไปแล้ว,ฉันอยากย้ายออกไป แต่ไม่มีทางเลือกเพราะเรื่องงานหรือเรื่องเรียน,ใช่ ฉันรู้สึกปลอดภัยจากหมอกควันเมื่ออยู่ข้างใน,"การเผาพื้นที่เกษตรกรรมและไฟป่า, ควันจากรถยนต์เก่า รถบรรทุก และรถจักรยานยนต์",สังเกตจากท้องฟ้าหรือกลุ่มก้อนเมฆด้วยตาเปล่า,ใช่ ฉันเชื่อว่ามันจะดีขึ้น
R012,TH,Thai,Original,ฝุ่นควัน_PM2.5_ในพื้นที่แม่สอด_Maesot_and_Tak_Area_PM_2.5_response_Thai(1).csv,28/03/2026 14:08:59,"มีอาการแพ้ (จาม, แสบตา/คันตา)",ต่ำกว่า 18 ปี,"การไปนั่งเล่นกับเพื่อนตามคาเฟ่หรือสวนสาธารณะ, การเดินทางหรือไปเที่ยวรอบๆ พื้นที่แม่สอด, การทำงานหรือนั่งเรียนในพื้นที่เปิดโล่ง (Outdoor)","ยาหยอดตาหรือสเปรย์ฉีดจมูก, ใช้ไฟฟ้ามากขึ้นสำหรับพัดลมหรือเครื่องปรับอากาศ (แอร์)","อากาศมีกลิ่นเหมือนการเผาไหม้หรือกลิ่นควันไม้, มองเห็นภูเขาหรือตึกที่อยู่ไกลออกไปได้ยาก, ทุกอย่างดูเป็นสีเทาไปหมด","สวมหน้ากากอนามัย และพกสเปรย์แอลกอฮอล์, เดินทางโดยรถยนต์ (ปิดกระจก)",ฉันรู้สึกรำคาญใจเล็กน้อย,ใช่ บางครั้งฉันพูดน้อยลงเพราะต้องการใส่หน้ากากอนามัยไว้ตลอดเวลา,อยู่ในห้องที่เปิดเครื่องปรับอากาศ (แอร์) และปิดหน้าต่างทุกบาน,ออกไปเฉพาะเวลาทำงานหรือไปหาอาหารเท่านั้น,"ลืม, ไม่ได้ซื้อไว้",ใช่ เฉพาะตอนที่ฉันเริ่มรู้สึกไม่ดีหรือเห็นฝุ่นเท่านั้น,2-3 ครั้งต่อสัปดาห์,ฉันสวมบ้างเป็นบางครั้ง แต่จะถอดออกเมื่อไม่ได้อยู่ที่ทำงาน,ไม่ ฉันยังรู้สึกว่ามันเป็นปัญหาที่อันตรายและไม่ควรเป็นเรื่องปกติ,ฉันคิดว่าพื้นที่นี้ยังคงดีกว่าจังหวัดอื่นๆ,ฉันจะสวมหน้ากากก็ต่อเมื่อมีคนอยู่รอบๆจำนวนมากเท่านั้น,"การเผาพื้นที่เกษตรกรรมและไฟป่า, ควันจากรถยนต์เก่า รถบรรทุก และรถจักรยานยนต์, การเผาขยะ หรือการสูบบุหรี่ในที่สาธารณะ",ติดตามผ่านโซเชียลมีเดีย (เช่น กลุ่ม Facebook หรือ Line),ใช่ ฉันเชื่อว่ามันจะดีขึ้น
R013,TH,Thai,Original,ฝุ่นควัน_PM2.5_ในพื้นที่แม่สอด_Maesot_and_Tak_Area_PM_2.5_response_Thai(1).csv,28/03/2026 14:10:04,"มีอาการแพ้ (จาม, แสบตา/คันตา), มีปัญหาทางด้านการหายใจหรือระบบทางเดินหายใจ",18-25 ปี,"การไปนั่งเล่นกับเพื่อนตามคาเฟ่หรือสวนสาธารณะ, การเดินทางหรือไปเที่ยวรอบๆ พื้นที่แม่สอด","หน้ากากอนามัย, อุปกรณ์ทำความสะอาดภายในบ้าน, ยาหยอดตาหรือสเปรย์ฉีดจมูก, ใช้ไฟฟ้ามากขึ้นสำหรับพัดลมหรือเครื่องปรับอากาศ (แอร์), ยาแก้ไอหรือยาแก้แพ้","คนออกมาเดินเล่นหรือซื้อของน้อยลง, มองเห็นภูเขาหรือตึกที่อยู่ไกลออกไปได้ยาก, ทุกอย่างดูเป็นสีเทาไปหมด",สวมหน้ากากอนามัย และพกสเปรย์แอลกอฮอล์,ฉันรู้สึกรำคาญใจเล็กน้อย,ไม่ หมอกควันไม่ได้ทำให้วิธีการเข้าสังคมหรือการพูดคุยกับผู้คนของฉันเปลี่ยนไป,ใช้พัดลมและเปิดหน้าต่างทิ้งไว้,ส่วนใหญ่จะอยู่แต่ภายในอาคาร,-,ใช่ เฉพาะตอนที่ฉันเริ่มรู้สึกไม่ดีหรือเห็นฝุ่นเท่านั้น,2-3 ครั้งต่อสัปดาห์,ฉันสวมเพราะต้องการดูแลและป้องกันสุขภาพของตัวเอง,ไม่ ฉันยังรู้สึกว่ามันเป็นปัญหาที่อันตรายและไม่ควรเป็นเรื่องปกติ,ฉันอยากย้ายออกไป แต่ไม่มีทางเลือกเพราะเรื่องงานหรือเรื่องเรียน,ใช่ ฉันรู้สึกปลอดภัยจากหมอกควันเมื่ออยู่ข้างใน,การเผาพื้นที่เกษตรกรรมและไฟป่า,สังเกตจากท้องฟ้าหรือกลุ่มก้อนเมฆด้วยตาเปล่า,ใช่ ฉันเชื่อว่ามันจะดีขึ้น
R014,TH,Thai,Original,ฝุ่นควัน_PM2.5_ในพื้นที่แม่สอด_Maesot_and_Tak_Area_PM_2.5_response_Thai(1).csv,28/03/2026 15:33:18,ไม่มี,ต่ำกว่า 18 ปี,การออกกำลังกายหรือเดินเล่นนอกบ้าน,มือถือ,ไม่มีการเปลี่ยนแปลงใดๆ,เดินทางโดยรถยนต์ (ปิดกระจก),ฉันรู้สึกปกติ / สงบ,ไม่ส่งผล,ไม่มี,ไม่,ไม่ทราบ,ไม่ ฉันใส่หน้ากากตลอดเวลาเพื่อความปลอดภัย,ไม่เคยเลย,ความเคยชิน,ใช่ มันกลายเป็นเรื่องปกติของทุกปีไปแล้ว,ปกติ,สวมใส่ตลอดเวลา,ไม่ทราบ,ไม่ได้ตรวจสอบ จะรู้ก็ต่อเมื่อเริ่มรู้สึกไม่สบายหรือป่วยเท่านั้น,ไม่ทราบ
R015,TH,Thai,Original,ฝุ่นควัน_PM2.5_ในพื้นที่แม่สอด_Maesot_and_Tak_Area_PM_2.5_response_Thai(1).csv,28/03/2026 17:11:54,"มีอาการแพ้ (จาม, แสบตา/คันตา)",18-25 ปี,"การไปนั่งเล่นกับเพื่อนตามคาเฟ่หรือสวนสาธารณะ, การออกกำลังกายหรือเดินเล่นนอกบ้าน, ทำงานในบ้าน","หน้ากากอนามัย, อุปกรณ์ทำความสะอาดภายในบ้าน, ยาแก้ไอหรือยาแก้แพ้","ผู้คนสวมหน้ากากอนามัยกันมากขึ้น, คนออกมาเดินเล่นหรือซื้อของน้อยลง, อากาศมีกลิ่นเหมือนการเผาไหม้หรือกลิ่นควันไม้, มองเห็นภูเขาหรือตึกที่อยู่ไกลออกไปได้ยาก","สวมหน้ากากอนามัย และพกสเปรย์แอลกอฮอล์, เดินทางโดยรถยนต์ (ปิดกระจก)",ฉันรู้สึกรำคาญใจเล็กน้อย,ใช่ บางครั้งฉันพูดน้อยลงเพราะต้องการใส่หน้ากากอนามัยไว้ตลอดเวลา,"เปิดหน้าต่างและประตูทุกบานเพื่อให้ระบายอากาศ, ใช้พัดลมและเปิดหน้าต่างทิ้งไว้",ออกไปเฉพาะเวลาทำงานหรือไปหาอาหารเท่านั้น,อากาศร้อนใส่หน้ากากแล้วหายใจลำบาก,ใช่ เฉพาะตอนที่ฉันเริ่มรู้สึกไม่ดีหรือเห็นฝุ่นเท่านั้น,2-3 ครั้งต่อสัปดาห์,ฉันสวมเพราะต้องการดูแลและป้องกันสุขภาพของตัวเอง,ไม่ ฉันยังรู้สึกว่ามันเป็นปัญหาที่อันตรายและไม่ควรเป็นเรื่องปกติ,ฉันจะอยู่ที่นี่ต่อไปและยอมรับว่ามันเป็นส่วนหนึ่งของชีวิต,ใช่ ฉันรู้สึกปลอดภัยจากหมอกควันเมื่ออยู่ข้างใน,การเผาพื้นที่เกษตรกรรมและไฟป่า,ตรวจสอบผ่านแอปพลิเคชันพยากรณ์อากาศหรือเว็บไซต์ (เช่น IQAir / AirVisual),ใช่ ฉันเชื่อว่ามันจะดีขึ้น
R016,TH,Thai,Original,ฝุ่นควัน_PM2.5_ในพื้นที่แม่สอด_Maesot_and_Tak_Area_PM_2.5_response_Thai(1).csv,28/03/2026 17:15:19,"มีอาการแพ้ (จาม, แสบตา/คันตา), มีปัญหาทางด้านการหายใจหรือระบบทางเดินหายใจ",มากกว่า 40 ปี,"การเล่นกีฬา(ฟุตบอล, วิ่ง และอื่นๆ), การออกกำลังกายหรือเดินเล่นนอกบ้าน","หน้ากากอนามัย, อุปกรณ์ทำความสะอาดภายในบ้าน, ใช้ไฟฟ้ามากขึ้นสำหรับพัดลมหรือเครื่องปรับอากาศ (แอร์)","ผู้คนสวมหน้ากากอนามัยกันมากขึ้น, อากาศมีกลิ่นเหมือนการเผาไหม้หรือกลิ่นควันไม้, ทุกอย่างดูเป็นสีเทาไปหมด","สวมหน้ากากอนามัย และพกสเปรย์แอลกอฮอล์, เดินทางโดยรถยนต์ (ปิดกระจก)",ฉันรู้สึกเศร้าหรือหดหู่เพราะท้องฟ้าที่เป็นสีเทา,ใช่ บางครั้งฉันพูดน้อยลงเพราะต้องการใส่หน้ากากอนามัยไว้ตลอดเวลา,อยู่ในห้องที่เปิดเครื่องปรับอากาศ (แอร์) และปิดหน้าต่างทุกบาน,ออกไปเฉพาะเวลาทำงานหรือไปหาอาหารเท่านั้น,อากาศร้อนอึดอัดหายใจไม่สะดวก,ใช่ เฉพาะตอนที่ฉันเริ่มรู้สึกไม่ดีหรือเห็นฝุ่นเท่านั้น,ทุกวัน,ฉันสวมบ้างเป็นบางครั้ง แต่จะถอดออกเมื่อไม่ได้อยู่ที่ทำงาน,ไม่ ฉันยังรู้สึกว่ามันเป็นปัญหาที่อันตรายและไม่ควรเป็นเรื่องปกติ,ฉันคิดว่าพื้นที่นี้ยังคงดีกว่าจังหวัดอื่นๆ,ใช่ เพราะทำให้คุยกันและกินอาหารได้สะดวกกว่า,"การเผาพื้นที่เกษตรกรรมและไฟป่า, ควันลอยมาจากพื้นที่ฝั่งประเทศเพื่อนบ้าน (ข้ามพรมแดน)",ตรวจสอบผ่านแอปพลิเคชันพยากรณ์อากาศหรือเว็บไซต์ (เช่น IQAir / AirVisual),ไม่ ฉันคิดว่ามันจะเหมือนเดิมหรือแย่ลงกว่าเดิม
R017,TH,Thai,Original,ฝุ่นควัน_PM2.5_ในพื้นที่แม่สอด_Maesot_and_Tak_Area_PM_2.5_response_Thai(1).csv,28/03/2026 17:15:48,"มีอาการแพ้ (จาม, แสบตา/คันตา)",ต่ำกว่า 18 ปี,เล่นกีต้าร์อยุ่บ้านทั้งวัน,ยาแก้ไอหรือยาแก้แพ้,ทุกอย่างดูเป็นสีเทาไปหมด,กินยาภูมิแพ้,ฉันรู้สึกรำคาญใจเล็กน้อย,ไช่ เสียงแหบ ขึ้นจมูก,เปิดหน้าต่างและประตูทุกบานเพื่อให้ระบายอากาศ,ส่วนใหญ่จะอยู่แต่ภายในอาคาร,ขี้เกียจ,ไม่ ปกติฉันก็แทบจะไม่ใส่หน้ากากอยู่แล้ว,ไม่เคยเลย,ฉันไม่สวมหน้ากากเลย เพราะไม่มีใครบังคับ,ใช่ มันกลายเป็นเรื่องปกติของทุกปีไปแล้ว,ฉันไม่ได้สนใจเรื่องหมอกควัน ฉันแค่โฟกัสกับการใช้ชีวิตประจำวันของตัวเอง,ใช่ เพราะทำให้คุยกันและกินอาหารได้สะดวกกว่า,ควันลอยมาจากพื้นที่ฝั่งประเทศเพื่อนบ้าน (ข้ามพรมแดน),สังเกตจากท้องฟ้าหรือกลุ่มก้อนเมฆด้วยตาเปล่า,ไม่ ฉันคิดว่ามันจะเหมือนเดิมหรือแย่ลงกว่าเดิม
R018,TH,Thai,Original,ฝุ่นควัน_PM2.5_ในพื้นที่แม่สอด_Maesot_and_Tak_Area_PM_2.5_response_Thai(1).csv,28/03/2026 18:38:29,"รู้สึกป่วย, เหนื่อยล้า หรือเวียนหัว",18-25 ปี,การเดินทางหรือไปเที่ยวรอบๆ พื้นที่แม่สอด,"หน้ากากอนามัย, อุปกรณ์ทำความสะอาดภายในบ้าน, ใช้ไฟฟ้ามากขึ้นสำหรับพัดลมหรือเครื่องปรับอากาศ (แอร์)","อากาศมีกลิ่นเหมือนการเผาไหม้หรือกลิ่นควันไม้, มองเห็นภูเขาหรือตึกที่อยู่ไกลออกไปได้ยาก","สวมหน้ากากอนามัย และพกสเปรย์แอลกอฮอล์, เดินทางโดยรถยนต์ (ปิดกระจก)",ฉันรู้สึกรำคาญใจเล็กน้อย,ใช่ บางครั้งฉันพูดน้อยลงเพราะต้องการใส่หน้ากากอนามัยไว้ตลอดเวลา,ใช้พัดลมและเปิดหน้าต่างทิ้งไว้,ส่วนใหญ่จะอยู่แต่ภายในอาคาร,เพราะไม่สะดวก ไม่ชิน,ใช่ เฉพาะตอนที่ฉันเริ่มรู้สึกไม่ดีหรือเห็นฝุ่นเท่านั้น,2-3 ครั้งต่อสัปดาห์,ฉันสวมเพราะต้องการดูแลและป้องกันสุขภาพของตัวเอง,ฉันจะสังเกตเห็นเฉพาะช่วงเดือนที่ร้อนมากๆ เท่านั้น (ม.ค. - พ.ค.),ฉันอยากย้ายออกไป แต่ไม่มีทางเลือกเพราะเรื่องงานหรือเรื่องเรียน,ใช่ เพราะทำให้คุยกันและกินอาหารได้สะดวกกว่า,"การเผาพื้นที่เกษตรกรรมและไฟป่า, ควันจากรถยนต์เก่า รถบรรทุก และรถจักรยานยนต์, การเผาขยะ หรือการสูบบุหรี่ในที่สาธารณะ",ติดตามผ่านโซเชียลมีเดีย (เช่น กลุ่ม Facebook หรือ Line),ไม่ ฉันคิดว่ามันจะเหมือนเดิมหรือแย่ลงกว่าเดิม
R019,TH,Thai,Original,ฝุ่นควัน_PM2.5_ในพื้นที่แม่สอด_Maesot_and_Tak_Area_PM_2.5_response_Thai(1).csv,28/03/2026 20:31:29,มีปัญหาทางด้านการหายใจหรือระบบทางเดินหายใจ,ต่ำกว่า 18 ปี,"การเล่นกีฬา(ฟุตบอล, วิ่ง และอื่นๆ), การไปนั่งเล่นกับเพื่อนตามคาเฟ่หรือสวนสาธารณะ, การเดินทางหรือไปเที่ยวรอบๆ พื้นที่แม่สอด, การทำงานหรือนั่งเรียนในพื้นที่เปิดโล่ง (Outdoor), การออกกำลังกายหรือเดินเล่นนอกบ้าน","หน้ากากอนามัย, ยาหยอดตาหรือสเปรย์ฉีดจมูก, เครื่องฟอกอากาศหรือแผ่นกรองอากาศใหม่","คนออกมาเดินเล่นหรือซื้อของน้อยลง, อากาศมีกลิ่นเหมือนการเผาไหม้หรือกลิ่นควันไม้",สวมหน้ากากอนามัย และพกสเปรย์แอลกอฮอล์,ฉันรู้สึกรำคาญใจเล็กน้อย,ใช่ บางครั้งฉันพูดน้อยลงเพราะต้องการใส่หน้ากากอนามัยไว้ตลอดเวลา,อยู่ในห้องที่เปิดเครื่องปรับอากาศ (แอร์) และปิดหน้าต่างทุกบาน,ออกไปเฉพาะเวลาทำงานหรือไปหาอาหารเท่านั้น,เกะกะ,ใช่ เฉพาะตอนที่ฉันเริ่มรู้สึกไม่ดีหรือเห็นฝุ่นเท่านั้น,2-3 ครั้งต่อสัปดาห์,ฉันสวมบ้างเป็นบางครั้ง แต่จะถอดออกเมื่อไม่ได้อยู่ที่ทำงาน,ใช่ มันกลายเป็นเรื่องปกติของทุกปีไปแล้ว,ฉันอยากย้ายออกไป แต่ไม่มีทางเลือกเพราะเรื่องงานหรือเรื่องเรียน,ใช่ เพราะทำให้คุยกันและกินอาหารได้สะดวกกว่า,"การเผาพื้นที่เกษตรกรรมและไฟป่า, ควันจากรถยนต์เก่า รถบรรทุก และรถจักรยานยนต์, การเผาขยะ หรือการสูบบุหรี่ในที่สาธารณะ",ไม่ได้ตรวจสอบ จะรู้ก็ต่อเมื่อเริ่มรู้สึกไม่สบายหรือป่วยเท่านั้น,ไม่ ฉันคิดว่ามันจะเหมือนเดิมหรือแย่ลงกว่าเดิม
R020,TH,Thai,Original,ฝุ่นควัน_PM2.5_ในพื้นที่แม่สอด_Maesot_and_Tak_Area_PM_2.5_response_Thai(1).csv,28/03/2026 23:02:39,"มีอาการแพ้ (จาม, แสบตา/คันตา)",18-25 ปี,"การเล่นกีฬา(ฟุตบอล, วิ่ง และอื่นๆ)",ใช้ไฟฟ้ามากขึ้นสำหรับพัดลมหรือเครื่องปรับอากาศ (แอร์),มองเห็นภูเขาหรือตึกที่อยู่ไกลออกไปได้ยาก,สวมหน้ากากอนามัย และพกสเปรย์แอลกอฮอล์,ฉันรู้สึกรำคาญใจเล็กน้อย,ใช่ บางครั้งฉันพูดน้อยลงเพราะต้องการใส่หน้ากากอนามัยไว้ตลอดเวลา,อยู่ในห้องที่เปิดเครื่องปรับอากาศ (แอร์) และปิดหน้าต่างทุกบาน,ส่วนใหญ่จะอยู่แต่ภายในอาคาร,อาจจะเพราะไม่ได้รู้สึกว่าฝุ่นอันตรายขนาดนั้น,ไม่ ปกติฉันก็แทบจะไม่ใส่หน้ากากอยู่แล้ว,เฉพาะช่วงที่อากาศแย่มากๆ,ฉันไม่สวมหน้ากากเลย เพราะไม่มีใครบังคับ,ไม่ ฉันยังรู้สึกว่ามันเป็นปัญหาที่อันตรายและไม่ควรเป็นเรื่องปกติ,ฉันอยากย้ายออกไป แต่ไม่มีทางเลือกเพราะเรื่องงานหรือเรื่องเรียน,ใช่ เพราะทำให้คุยกันและกินอาหารได้สะดวกกว่า,การเผาพื้นที่เกษตรกรรมและไฟป่า,ติดตามผ่านโซเชียลมีเดีย (เช่น กลุ่ม Facebook หรือ Line),ไม่ ฉันคิดว่ามันจะเหมือนเดิมหรือแย่ลงกว่าเดิม
R021,TH,Thai,Original,ฝุ่นควัน_PM2.5_ในพื้นที่แม่สอด_Maesot_and_Tak_Area_PM_2.5_response_Thai(1).csv,29/03/2026 07:23:03,"รู้สึกป่วย, เหนื่อยล้า หรือเวียนหัว",ต่ำกว่า 18 ปี,"การเล่นกีฬา(ฟุตบอล, วิ่ง และอื่นๆ), การไปนั่งเล่นกับเพื่อนตามคาเฟ่หรือสวนสาธารณะ, การออกกำลังกายหรือเดินเล่นนอกบ้าน",หน้ากากอนามัย,"ผู้คนสวมหน้ากากอนามัยกันมากขึ้น, อากาศมีกลิ่นเหมือนการเผาไหม้หรือกลิ่นควันไม้, มองเห็นภูเขาหรือตึกที่อยู่ไกลออกไปได้ยาก",สวมหน้ากากอนามัย และพกสเปรย์แอลกอฮอล์,ฉันรู้สึกรำคาญใจเล็กน้อย,ไม่ หมอกควันไม่ได้ทำให้วิธีการเข้าสังคมหรือการพูดคุยกับผู้คนของฉันเปลี่ยนไป,อยู่ในห้องที่เปิดเครื่องปรับอากาศ (แอร์) และปิดหน้าต่างทุกบาน,น้อยลงกว่าเดิมเล็กน้อย,อาจจะเพราะความเคยชิน และยังไม่ตระหนักถึงสภาพแวดล้อมในอากาศที่ไม่ดีต่อร่างกาย,ใช่ เฉพาะตอนที่ฉันเริ่มรู้สึกไม่ดีหรือเห็นฝุ่นเท่านั้น,2-3 ครั้งต่อสัปดาห์,ฉันสวมเพราะต้องการดูแลและป้องกันสุขภาพของตัวเอง,ไม่ ฉันยังรู้สึกว่ามันเป็นปัญหาที่อันตรายและไม่ควรเป็นเรื่องปกติ,ฉันคิดว่าพื้นที่นี้ยังคงดีกว่าจังหวัดอื่นๆ,ใช่ ฉันรู้สึกปลอดภัยจากหมอกควันเมื่ออยู่ข้างใน,"การเผาพื้นที่เกษตรกรรมและไฟป่า, การเผาขยะ หรือการสูบบุหรี่ในที่สาธารณะ",สังเกตจากท้องฟ้าหรือกลุ่มก้อนเมฆด้วยตาเปล่า,ไม่ ฉันคิดว่ามันจะเหมือนเดิมหรือแย่ลงกว่าเดิม
R022,TH,Thai,Original,ฝุ่นควัน_PM2.5_ในพื้นที่แม่สอด_Maesot_and_Tak_Area_PM_2.5_response_Thai(1).csv,29/03/2026 11:12:05,มีปัญหาทางด้านการหายใจหรือระบบทางเดินหายใจ,ต่ำกว่า 18 ปี,"การเล่นกีฬา(ฟุตบอล, วิ่ง และอื่นๆ)","หน้ากากอนามัย, เครื่องฟอกอากาศหรือแผ่นกรองอากาศใหม่","ผู้คนสวมหน้ากากอนามัยกันมากขึ้น, คนออกมาเดินเล่นหรือซื้อของน้อยลง, อากาศมีกลิ่นเหมือนการเผาไหม้หรือกลิ่นควันไม้",สวมหน้ากากอนามัย และพกสเปรย์แอลกอฮอล์,ฉันรู้สึกรำคาญใจเล็กน้อย,ใช่ บางครั้งฉันพูดน้อยลงเพราะต้องการใส่หน้ากากอนามัยไว้ตลอดเวลา,อยู่ในห้องที่เปิดเครื่องปรับอากาศ (แอร์) และปิดหน้าต่างทุกบาน,น้อยลงกว่าเดิมเล็กน้อย,เพราะอาจจะหายใจไม่ค่อยสะดวก,ไม่ ปกติฉันก็แทบจะไม่ใส่หน้ากากอยู่แล้ว,2-3 ครั้งต่อสัปดาห์,ฉันสวมเพราะต้องการดูแลและป้องกันสุขภาพของตัวเอง,ไม่ ฉันยังรู้สึกว่ามันเป็นปัญหาที่อันตรายและไม่ควรเป็นเรื่องปกติ,ฉันไม่ได้สนใจเรื่องหมอกควัน ฉันแค่โฟกัสกับการใช้ชีวิตประจำวันของตัวเอง,ฉันจะสวมหน้ากากก็ต่อเมื่อมีคนอยู่รอบๆจำนวนมากเท่านั้น,"การเผาพื้นที่เกษตรกรรมและไฟป่า, ควันจากรถยนต์เก่า รถบรรทุก และรถจักรยานยนต์, การเผาขยะ หรือการสูบบุหรี่ในที่สาธารณะ",ตรวจสอบผ่านแอปพลิเคชันพยากรณ์อากาศหรือเว็บไซต์ (เช่น IQAir / AirVisual),ใช่ ฉันเชื่อว่ามันจะดีขึ้น
R023,TH,Thai,Original,ฝุ่นควัน_PM2.5_ในพื้นที่แม่สอด_Maesot_and_Tak_Area_PM_2.5_response_Thai(1).csv,30/03/2026 13:37:28,"มีอาการแพ้ (จาม, แสบตา/คันตา)",ต่ำกว่า 18 ปี,การเดินทางหรือไปเที่ยวรอบๆ พื้นที่แม่สอด,หน้ากากอนามัย,ผู้คนสวมหน้ากากอนามัยกันมากขึ้น,สวมหน้ากากอนามัย และพกสเปรย์แอลกอฮอล์,ฉันรู้สึกรำคาญใจเล็กน้อย,ใช่ บางครั้งฉันพูดน้อยลงเพราะต้องการใส่หน้ากากอนามัยไว้ตลอดเวลา,"ใช้พัดลมและเปิดหน้าต่างทิ้งไว้, อยู่ในห้องที่เปิดเครื่องปรับอากาศ (แอร์) และปิดหน้าต่างทุกบาน",น้อยลงกว่าเดิมเล็กน้อย,เพราะร้อนและหายใจลำบาก,ใช่ เฉพาะตอนที่ฉันเริ่มรู้สึกไม่ดีหรือเห็นฝุ่นเท่านั้น,2-3 ครั้งต่อสัปดาห์,ฉันสวมเพราะต้องการดูแลและป้องกันสุขภาพของตัวเอง,ไม่ ฉันยังรู้สึกว่ามันเป็นปัญหาที่อันตรายและไม่ควรเป็นเรื่องปกติ,ฉันจะอยู่ที่นี่ต่อไปและยอมรับว่ามันเป็นส่วนหนึ่งของชีวิต,ใช่ ฉันรู้สึกปลอดภัยจากหมอกควันเมื่ออยู่ข้างใน,"การเผาพื้นที่เกษตรกรรมและไฟป่า, ควันจากรถยนต์เก่า รถบรรทุก และรถจักรยานยนต์, การเผาขยะ หรือการสูบบุหรี่ในที่สาธารณะ",ตรวจสอบผ่านแอปพลิเคชันพยากรณ์อากาศหรือเว็บไซต์ (เช่น IQAir / AirVisual),ใช่ ฉันเชื่อว่ามันจะดีขึ้น
R024,TH,Thai,Original,ฝุ่นควัน_PM2.5_ในพื้นที่แม่สอด_Maesot_and_Tak_Area_PM_2.5_response_Thai(1).csv,30/03/2026 13:50:42,"มีอาการแพ้ (จาม, แสบตา/คันตา)",ต่ำกว่า 18 ปี,"การไปนั่งเล่นกับเพื่อนตามคาเฟ่หรือสวนสาธารณะ, การเดินทางหรือไปเที่ยวรอบๆ พื้นที่แม่สอด, การทำงานหรือนั่งเรียนในพื้นที่เปิดโล่ง (Outdoor)","หน้ากากอนามัย, อุปกรณ์ทำความสะอาดภายในบ้าน, ยาหยอดตาหรือสเปรย์ฉีดจมูก, เครื่องฟอกอากาศหรือแผ่นกรองอากาศใหม่, ยาแก้ไอหรือยาแก้แพ้","อากาศมีกลิ่นเหมือนการเผาไหม้หรือกลิ่นควันไม้, ทุกอย่างดูเป็นสีเทาไปหมด","สวมหน้ากากอนามัย และพกสเปรย์แอลกอฮอล์, เดินทางโดยรถยนต์ (ปิดกระจก)",ฉันรู้สึกรำคาญใจเล็กน้อย,ไม่ หมอกควันไม่ได้ทำให้วิธีการเข้าสังคมหรือการพูดคุยกับผู้คนของฉันเปลี่ยนไป,ใช้พัดลมและเปิดหน้าต่างทิ้งไว้,ออกไปเฉพาะเวลาทำงานหรือไปหาอาหารเท่านั้น,คิดว่าหน้ากากอนามัยไม่จำเป็น,ใช่ เฉพาะตอนที่ฉันเริ่มรู้สึกไม่ดีหรือเห็นฝุ่นเท่านั้น,2-3 ครั้งต่อสัปดาห์,ฉันสวมบ้างเป็นบางครั้ง แต่จะถอดออกเมื่อไม่ได้อยู่ที่ทำงาน,ไม่ ฉันยังรู้สึกว่ามันเป็นปัญหาที่อันตรายและไม่ควรเป็นเรื่องปกติ,ฉันอยากย้ายออกไป แต่ไม่มีทางเลือกเพราะเรื่องงานหรือเรื่องเรียน,ใช่ ฉันรู้สึกปลอดภัยจากหมอกควันเมื่ออยู่ข้างใน,"การเผาพื้นที่เกษตรกรรมและไฟป่า, ควันจากรถยนต์เก่า รถบรรทุก และรถจักรยานยนต์, การเผาขยะ หรือการสูบบุหรี่ในที่สาธารณะ",ตรวจสอบผ่านแอปพลิเคชันพยากรณ์อากาศหรือเว็บไซต์ (เช่น IQAir / AirVisual),ไม่ ฉันคิดว่ามันจะเหมือนเดิมหรือแย่ลงกว่าเดิม
R025,TH,Thai,Original,ฝุ่นควัน_PM2.5_ในพื้นที่แม่สอด_Maesot_and_Tak_Area_PM_2.5_response_Thai(1).csv,30/03/2026 14:55:08,มีปัญหาทางด้านการหายใจหรือระบบทางเดินหายใจ,ต่ำกว่า 18 ปี,"การเล่นกีฬา(ฟุตบอล, วิ่ง และอื่นๆ)","หน้ากากอนามัย, อุปกรณ์ทำความสะอาดภายในบ้าน",ผู้คนสวมหน้ากากอนามัยกันมากขึ้น,สวมหน้ากากอนามัย และพกสเปรย์แอลกอฮอล์,ฉันรู้สึกรำคาญใจเล็กน้อย,ใช่ บางครั้งฉันพูดน้อยลงเพราะต้องการใส่หน้ากากอนามัยไว้ตลอดเวลา,"เปิดหน้าต่างและประตูทุกบานเพื่อให้ระบายอากาศ, ใช้พัดลมและเปิดหน้าต่างทิ้งไว้",ใช้เวลาเท่าเดิมตามปกติ,-,ใช่ เฉพาะตอนที่ฉันเริ่มรู้สึกไม่ดีหรือเห็นฝุ่นเท่านั้น,2-3 ครั้งต่อสัปดาห์,ฉันสวมเพราะต้องการดูแลและป้องกันสุขภาพของตัวเอง,ไม่ ฉันยังรู้สึกว่ามันเป็นปัญหาที่อันตรายและไม่ควรเป็นเรื่องปกติ,ฉันไม่ได้สนใจเรื่องหมอกควัน ฉันแค่โฟกัสกับการใช้ชีวิตประจำวันของตัวเอง,ฉันจะสวมหน้ากากก็ต่อเมื่อมีคนอยู่รอบๆจำนวนมากเท่านั้น,ควันลอยมาจากพื้นที่ฝั่งประเทศเพื่อนบ้าน (ข้ามพรมแดน),ไม่ได้ตรวจสอบ จะรู้ก็ต่อเมื่อเริ่มรู้สึกไม่สบายหรือป่วยเท่านั้น,ไม่ ฉันคิดว่ามันจะเหมือนเดิมหรือแย่ลงกว่าเดิม
R026,TH,Thai,Original,ฝุ่นควัน_PM2.5_ในพื้นที่แม่สอด_Maesot_and_Tak_Area_PM_2.5_response_Thai(1).csv,30/03/2026 15:14:09,มีปัญหาทางด้านการหายใจหรือระบบทางเดินหายใจ,ต่ำกว่า 18 ปี,"การเล่นกีฬา(ฟุตบอล, วิ่ง และอื่นๆ), การไปนั่งเล่นกับเพื่อนตามคาเฟ่หรือสวนสาธารณะ, การเดินทางหรือไปเที่ยวรอบๆ พื้นที่แม่สอด, การทำงานหรือนั่งเรียนในพื้นที่เปิดโล่ง (Outdoor), การออกกำลังกายหรือเดินเล่นนอกบ้าน","หน้ากากอนามัย, อุปกรณ์ทำความสะอาดภายในบ้าน, เครื่องฟอกอากาศหรือแผ่นกรองอากาศใหม่","ผู้คนสวมหน้ากากอนามัยกันมากขึ้น, คนออกมาเดินเล่นหรือซื้อของน้อยลง, อากาศมีกลิ่นเหมือนการเผาไหม้หรือกลิ่นควันไม้, มองเห็นภูเขาหรือตึกที่อยู่ไกลออกไปได้ยาก, ทุกอย่างดูเป็นสีเทาไปหมด","สวมหน้ากากอนามัย และพกสเปรย์แอลกอฮอล์, เดินทางโดยรถยนต์ (ปิดกระจก)",ฉันรู้สึกเครียดและกังวลมาก,ไม่ หมอกควันไม่ได้ทำให้วิธีการเข้าสังคมหรือการพูดคุยกับผู้คนของฉันเปลี่ยนไป,อยู่ในห้องที่เปิดเครื่องปรับอากาศ (แอร์) และปิดหน้าต่างทุกบาน,ส่วนใหญ่จะอยู่แต่ภายในอาคาร,"ใช้ชีวิตในแต่ละวันไม่สะดวกสบาย, หายใจไม่ออกเนื่องจากมลพิษเยอะ",ใช่ เฉพาะตอนที่ฉันเริ่มรู้สึกไม่ดีหรือเห็นฝุ่นเท่านั้น,2-3 ครั้งต่อสัปดาห์,ฉันสวมเพราะต้องการดูแลและป้องกันสุขภาพของตัวเอง,ใช่ มันกลายเป็นเรื่องปกติของทุกปีไปแล้ว,ฉันจะอยู่ที่นี่ต่อไปและยอมรับว่ามันเป็นส่วนหนึ่งของชีวิต,ใช่ ฉันรู้สึกปลอดภัยจากหมอกควันเมื่ออยู่ข้างใน,"การเผาพื้นที่เกษตรกรรมและไฟป่า, ควันจากรถยนต์เก่า รถบรรทุก และรถจักรยานยนต์, การเผาขยะ หรือการสูบบุหรี่ในที่สาธารณะ, ควันลอยมาจากพื้นที่ฝั่งประเทศเพื่อนบ้าน (ข้ามพรมแดน)",สังเกตจากท้องฟ้าหรือกลุ่มก้อนเมฆด้วยตาเปล่า,ใช่ ฉันเชื่อว่ามันจะดีขึ้น
R027,TH,Thai,Original,ฝุ่นควัน_PM2.5_ในพื้นที่แม่สอด_Maesot_and_Tak_Area_PM_2.5_response_Thai(1).csv,30/03/2026 15:22:01,มีปัญหาทางด้านการหายใจหรือระบบทางเดินหายใจ,18-25 ปี,"การเล่นกีฬา(ฟุตบอล, วิ่ง และอื่นๆ), การทำงานหรือนั่งเรียนในพื้นที่เปิดโล่ง (Outdoor), การออกกำลังกายหรือเดินเล่นนอกบ้าน","อุปกรณ์ทำความสะอาดภายในบ้าน, ใช้ไฟฟ้ามากขึ้นสำหรับพัดลมหรือเครื่องปรับอากาศ (แอร์), ยาแก้ไอหรือยาแก้แพ้","อากาศมีกลิ่นเหมือนการเผาไหม้หรือกลิ่นควันไม้, มองเห็นภูเขาหรือตึกที่อยู่ไกลออกไปได้ยาก, ทุกอย่างดูเป็นสีเทาไปหมด",เดินทางโดยรถยนต์ (ปิดกระจก),ฉันรู้สึกเครียดและกังวลมาก,ใช่ บางครั้งฉันพูดน้อยลงเพราะต้องการใส่หน้ากากอนามัยไว้ตลอดเวลา,อยู่ในห้องที่เปิดเครื่องปรับอากาศ (แอร์) และปิดหน้าต่างทุกบาน,ออกไปเฉพาะเวลาทำงานหรือไปหาอาหารเท่านั้น,ราคา ความสะดวกสบาย,ใช่ เฉพาะตอนที่ฉันเริ่มรู้สึกไม่ดีหรือเห็นฝุ่นเท่านั้น,2-3 ครั้งต่อสัปดาห์,ฉันสวมบ้างเป็นบางครั้ง แต่จะถอดออกเมื่อไม่ได้อยู่ที่ทำงาน,ไม่ ฉันยังรู้สึกว่ามันเป็นปัญหาที่อันตรายและไม่ควรเป็นเรื่องปกติ,ฉันอยากย้ายออกไป แต่ไม่มีทางเลือกเพราะเรื่องงานหรือเรื่องเรียน,ใช่ ฉันรู้สึกปลอดภัยจากหมอกควันเมื่ออยู่ข้างใน,"การเผาพื้นที่เกษตรกรรมและไฟป่า, ควันจากรถยนต์เก่า รถบรรทุก และรถจักรยานยนต์, การเผาขยะ หรือการสูบบุหรี่ในที่สาธารณะ",สังเกตจากท้องฟ้าหรือกลุ่มก้อนเมฆด้วยตาเปล่า,ใช่ ฉันเชื่อว่ามันจะดีขึ้น
R028,TH,Thai,Original,ฝุ่นควัน_PM2.5_ในพื้นที่แม่สอด_Maesot_and_Tak_Area_PM_2.5_response_Thai(1).csv,30/03/2026 15:48:38,มีปัญหาทางด้านการหายใจหรือระบบทางเดินหายใจ,ต่ำกว่า 18 ปี,"การเดินทางหรือไปเที่ยวรอบๆ พื้นที่แม่สอด, การทำงานหรือนั่งเรียนในพื้นที่เปิดโล่ง (Outdoor)","หน้ากากอนามัย, ยาหยอดตาหรือสเปรย์ฉีดจมูก, ยาแก้ไอหรือยาแก้แพ้",คนออกมาเดินเล่นหรือซื้อของน้อยลง,เดินทางโดยรถยนต์ (ปิดกระจก),ฉันรู้สึกรำคาญใจเล็กน้อย,ใช่ บางครั้งฉันพูดน้อยลงเพราะต้องการใส่หน้ากากอนามัยไว้ตลอดเวลา,อยู่ในห้องที่เปิดเครื่องปรับอากาศ (แอร์) และปิดหน้าต่างทุกบาน,ใช้เวลาเท่าเดิมตามปกติ,หายใจไม่สะดวก,ใช่ เฉพาะตอนที่ฉันเริ่มรู้สึกไม่ดีหรือเห็นฝุ่นเท่านั้น,2-3 ครั้งต่อสัปดาห์,ฉันสวมบ้างเป็นบางครั้ง แต่จะถอดออกเมื่อไม่ได้อยู่ที่ทำงาน,ใช่ มันกลายเป็นเรื่องปกติของทุกปีไปแล้ว,ฉันจะอยู่ที่นี่ต่อไปและยอมรับว่ามันเป็นส่วนหนึ่งของชีวิต,ใช่ ฉันรู้สึกปลอดภัยจากหมอกควันเมื่ออยู่ข้างใน,"การเผาพื้นที่เกษตรกรรมและไฟป่า, ควันจากรถยนต์เก่า รถบรรทุก และรถจักรยานยนต์, การเผาขยะ หรือการสูบบุหรี่ในที่สาธารณะ, ควันลอยมาจากพื้นที่ฝั่งประเทศเพื่อนบ้าน (ข้ามพรมแดน)",ตรวจสอบผ่านแอปพลิเคชันพยากรณ์อากาศหรือเว็บไซต์ (เช่น IQAir / AirVisual),ไม่ ฉันคิดว่ามันจะเหมือนเดิมหรือแย่ลงกว่าเดิม
R029,TH,Thai,Original,ฝุ่นควัน_PM2.5_ในพื้นที่แม่สอด_Maesot_and_Tak_Area_PM_2.5_response_Thai(1).csv,30/03/2026 16:31:30,"มีอาการแพ้ (จาม, แสบตา/คันตา)",ต่ำกว่า 18 ปี,"การเล่นกีฬา(ฟุตบอล, วิ่ง และอื่นๆ)",หน้ากากอนามัย,"อากาศมีกลิ่นเหมือนการเผาไหม้หรือกลิ่นควันไม้, มองเห็นภูเขาหรือตึกที่อยู่ไกลออกไปได้ยาก","สวมหน้ากากอนามัย และพกสเปรย์แอลกอฮอล์, เดินทางโดยรถยนต์ (ปิดกระจก)",ฉันรู้สึกปกติ / สงบ,ไม่ หมอกควันไม่ได้ทำให้วิธีการเข้าสังคมหรือการพูดคุยกับผู้คนของฉันเปลี่ยนไป,อยู่ในห้องที่เปิดเครื่องปรับอากาศ (แอร์) และปิดหน้าต่างทุกบาน,น้อยลงกว่าเดิมเล็กน้อย,ตอนใส่หน้ากากอนามัยมันอึดอัดมันร้อน,ไม่ ปกติฉันก็แทบจะไม่ใส่หน้ากากอยู่แล้ว,เฉพาะช่วงที่อากาศแย่มากๆ,ฉันสวมเพราะต้องการดูแลและป้องกันสุขภาพของตัวเอง,"ไม่ ฉันยังรู้สึกว่ามันเป็นปัญหาที่อันตรายและไม่ควรเป็นเรื่องปกติ, ฉันจะสังเกตเห็นเฉพาะช่วงเดือนที่ร้อนมากๆ เท่านั้น (ม.ค. - พ.ค.)",ฉันไม่ได้สนใจเรื่องหมอกควัน ฉันแค่โฟกัสกับการใช้ชีวิตประจำวันของตัวเอง,ใช่ ฉันรู้สึกปลอดภัยจากหมอกควันเมื่ออยู่ข้างใน,"การเผาพื้นที่เกษตรกรรมและไฟป่า, ควันจากรถยนต์เก่า รถบรรทุก และรถจักรยานยนต์, การเผาขยะ หรือการสูบบุหรี่ในที่สาธารณะ, ควันลอยมาจากพื้นที่ฝั่งประเทศเพื่อนบ้าน (ข้ามพรมแดน)",สังเกตจากท้องฟ้าหรือกลุ่มก้อนเมฆด้วยตาเปล่า,ใช่ ฉันเชื่อว่ามันจะดีขึ้น
R030,TH,Thai,Original,ฝุ่นควัน_PM2.5_ในพื้นที่แม่สอด_Maesot_and_Tak_Area_PM_2.5_response_Thai(1).csv,30/03/2026 20:29:17,"มีอาการแพ้ (จาม, แสบตา/คันตา)",ต่ำกว่า 18 ปี,การเดินทางหรือไปเที่ยวรอบๆ พื้นที่แม่สอด,"หน้ากากอนามัย, ยาหยอดตาหรือสเปรย์ฉีดจมูก","ผู้คนสวมหน้ากากอนามัยกันมากขึ้น, คนออกมาเดินเล่นหรือซื้อของน้อยลง",สวมหน้ากากอนามัย และพกสเปรย์แอลกอฮอล์,ฉันรู้สึกรำคาญใจเล็กน้อย,ไม่ หมอกควันไม่ได้ทำให้วิธีการเข้าสังคมหรือการพูดคุยกับผู้คนของฉันเปลี่ยนไป,ใช้พัดลมและเปิดหน้าต่างทิ้งไว้,ส่วนใหญ่จะอยู่แต่ภายในอาคาร,-,ไม่ ฉันใส่หน้ากากตลอดเวลาเพื่อความปลอดภัย,ทุกวัน,ฉันสวมบ้างเป็นบางครั้ง แต่จะถอดออกเมื่อไม่ได้อยู่ที่ทำงาน,ไม่ ฉันยังรู้สึกว่ามันเป็นปัญหาที่อันตรายและไม่ควรเป็นเรื่องปกติ,ฉันคิดว่าพื้นที่นี้ยังคงดีกว่าจังหวัดอื่นๆ,ฉันจะสวมหน้ากากก็ต่อเมื่อมีคนอยู่รอบๆจำนวนมากเท่านั้น,การเผาขยะ หรือการสูบบุหรี่ในที่สาธารณะ,ไม่ได้ตรวจสอบ จะรู้ก็ต่อเมื่อเริ่มรู้สึกไม่สบายหรือป่วยเท่านั้น,ใช่ ฉันเชื่อว่ามันจะดีขึ้น
R031,TH,Thai,Original,ฝุ่นควัน_PM2.5_ในพื้นที่แม่สอด_Maesot_and_Tak_Area_PM_2.5_response_Thai(1).csv,3/4/2026 12:23,"มีอาการแพ้ (จาม, แสบตา/คันตา)",18-25 ปี,"การไปนั่งเล่นกับเพื่อนตามคาเฟ่หรือสวนสาธารณะ, การทำงานหรือนั่งเรียนในพื้นที่เปิดโล่ง (Outdoor), การออกกำลังกายหรือเดินเล่นนอกบ้าน","หน้ากากอนามัย, อุปกรณ์ทำความสะอาดภายในบ้าน, ใช้ไฟฟ้ามากขึ้นสำหรับพัดลมหรือเครื่องปรับอากาศ (แอร์), เครื่องฟอกอากาศหรือแผ่นกรองอากาศใหม่","ผู้คนสวมหน้ากากอนามัยกันมากขึ้น, คนออกมาเดินเล่นหรือซื้อของน้อยลง, มองเห็นภูเขาหรือตึกที่อยู่ไกลออกไปได้ยาก",สวมหน้ากากอนามัย และพกสเปรย์แอลกอฮอล์,ฉันรู้สึกรำคาญใจเล็กน้อย,ใช่ บางครั้งฉันพูดน้อยลงเพราะต้องการใส่หน้ากากอนามัยไว้ตลอดเวลา,อยู่ในห้องที่เปิดเครื่องปรับอากาศ (แอร์) และปิดหน้าต่างทุกบาน,ส่วนใหญ่จะอยู่แต่ภายในอาคาร,หายใจไม่สะดวก,ไม่ ฉันใส่หน้ากากตลอดเวลาเพื่อความปลอดภัย,ทุกวัน,ฉันสวมเพราะต้องการดูแลและป้องกันสุขภาพของตัวเอง,ไม่ ฉันยังรู้สึกว่ามันเป็นปัญหาที่อันตรายและไม่ควรเป็นเรื่องปกติ,ฉันคิดว่าพื้นที่นี้ยังคงดีกว่าจังหวัดอื่นๆ,ใช่ ฉันรู้สึกปลอดภัยจากหมอกควันเมื่ออยู่ข้างใน,"การเผาพื้นที่เกษตรกรรมและไฟป่า, ควันจากรถยนต์เก่า รถบรรทุก และรถจักรยานยนต์, ควันลอยมาจากพื้นที่ฝั่งประเทศเพื่อนบ้าน (ข้ามพรมแดน)",ตรวจสอบผ่านแอปพลิเคชันพยากรณ์อากาศหรือเว็บไซต์ (เช่น IQAir / AirVisual),ไม่ ฉันคิดว่ามันจะเหมือนเดิมหรือแย่ลงกว่าเดิม
R032,TH,Thai,Original,ฝุ่นควัน_PM2.5_ในพื้นที่แม่สอด_Maesot_and_Tak_Area_PM_2.5_response_Thai(1).csv,4/4/2026 9:59,"มีอาการแพ้ (จาม, แสบตา/คันตา), รู้สึกป่วย, เหนื่อยล้า หรือเวียนหัว",ต่ำกว่า 18 ปี,"การไปนั่งเล่นกับเพื่อนตามคาเฟ่หรือสวนสาธารณะ, การเดินทางหรือไปเที่ยวรอบๆ พื้นที่แม่สอด, การทำงานหรือนั่งเรียนในพื้นที่เปิดโล่ง (Outdoor), การออกกำลังกายหรือเดินเล่นนอกบ้าน","หน้ากากอนามัย, ยาหยอดตาหรือสเปรย์ฉีดจมูก, ใช้ไฟฟ้ามากขึ้นสำหรับพัดลมหรือเครื่องปรับอากาศ (แอร์)","ผู้คนสวมหน้ากากอนามัยกันมากขึ้น, อากาศมีกลิ่นเหมือนการเผาไหม้หรือกลิ่นควันไม้, มองเห็นภูเขาหรือตึกที่อยู่ไกลออกไปได้ยาก, ทุกอย่างดูเป็นสีเทาไปหมด",สวมหน้ากากอนามัย และพกสเปรย์แอลกอฮอล์,ฉันรู้สึกเศร้าหรือหดหู่เพราะท้องฟ้าที่เป็นสีเทา,ไม่ หมอกควันไม่ได้ทำให้วิธีการเข้าสังคมหรือการพูดคุยกับผู้คนของฉันเปลี่ยนไป,อยู่ในห้องที่เปิดเครื่องปรับอากาศ (แอร์) และปิดหน้าต่างทุกบาน,ออกไปเฉพาะเวลาทำงานหรือไปหาอาหารเท่านั้น,การศึกษา และผลการทบที่ผู้คนคิดว่าไม่ส่งผลต่อร่างกาย,ใช่ เฉพาะตอนที่ฉันเริ่มรู้สึกไม่ดีหรือเห็นฝุ่นเท่านั้น,2-3 ครั้งต่อสัปดาห์,ฉันสวมเพราะต้องการดูแลและป้องกันสุขภาพของตัวเอง,ใช่ มันกลายเป็นเรื่องปกติของทุกปีไปแล้ว,ฉันอยากย้ายออกไป แต่ไม่มีทางเลือกเพราะเรื่องงานหรือเรื่องเรียน,ใช่ ฉันรู้สึกปลอดภัยจากหมอกควันเมื่ออยู่ข้างใน,"การเผาพื้นที่เกษตรกรรมและไฟป่า, ควันจากรถยนต์เก่า รถบรรทุก และรถจักรยานยนต์, การเผาขยะ หรือการสูบบุหรี่ในที่สาธารณะ, ควันลอยมาจากพื้นที่ฝั่งประเทศเพื่อนบ้าน (ข้ามพรมแดน),",ตรวจสอบผ่านแอปพลิเคชันพยากรณ์อากาศหรือเว็บไซต์ (เช่น IQAir / AirVisual),ไม่ ฉันคิดว่ามันจะเหมือนเดิมหรือแย่ลงกว่าเดิม
R033,TH,Thai,Original,ฝุ่นควัน_PM2.5_ในพื้นที่แม่สอด_Maesot_and_Tak_Area_PM_2.5_response_Thai(1).csv,5/4/2026 16:21,"รู้สึกป่วย, เหนื่อยล้า หรือเวียนหัว",ต่ำกว่า 18 ปี,การออกกำลังกายหรือเดินเล่นนอกบ้าน,หน้ากากอนามัย,"มองเห็นภูเขาหรือตึกที่อยู่ไกลออกไปได้ยาก, ทุกอย่างดูเป็นสีเทาไปหมด","สวมหน้ากากอนามัย และพกสเปรย์แอลกอฮอล์, เดินทางโดยรถยนต์ (ปิดกระจก)",ฉันรู้สึกรำคาญใจเล็กน้อย,ใช่ บางครั้งฉันพูดน้อยลงเพราะต้องการใส่หน้ากากอนามัยไว้ตลอดเวลา,อยู่ในห้องที่เปิดเครื่องปรับอากาศ (แอร์) และปิดหน้าต่างทุกบาน,ออกไปเฉพาะเวลาทำงานหรือไปหาอาหารเท่านั้น,น่าจะเพราะความเคยชิน และสภาพอากาศที่ร้อนยิ่งใส่แมสก็ยิ่งรู้สึกอึดอัด,ใช่ เฉพาะตอนที่ฉันเริ่มรู้สึกไม่ดีหรือเห็นฝุ่นเท่านั้น,2-3 ครั้งต่อสัปดาห์,ฉันสวมเพราะต้องการดูแลและป้องกันสุขภาพของตัวเอง,ไม่ ฉันยังรู้สึกว่ามันเป็นปัญหาที่อันตรายและไม่ควรเป็นเรื่องปกติ,ฉันอยากย้ายออกไป แต่ไม่มีทางเลือกเพราะเรื่องงานหรือเรื่องเรียน,ใช่ ฉันรู้สึกปลอดภัยจากหมอกควันเมื่ออยู่ข้างใน,"การเผาพื้นที่เกษตรกรรมและไฟป่า, ควันจากรถยนต์เก่า รถบรรทุก และรถจักรยานยนต์, การเผาขยะ หรือการสูบบุหรี่ในที่สาธารณะ",ติดตามผ่านโซเชียลมีเดีย (เช่น กลุ่ม Facebook หรือ Line),ไม่ ฉันคิดว่ามันจะเหมือนเดิมหรือแย่ลงกว่าเดิม
R034,TH,Thai,Original,ฝุ่นควัน_PM2.5_ในพื้นที่แม่สอด_Maesot_and_Tak_Area_PM_2.5_response_Thai(1).csv,6/4/2026 9:47,"มีอาการแพ้ (จาม, แสบตา/คันตา)",มากกว่า 40 ปี,การออกกำลังกายหรือเดินเล่นนอกบ้าน,อุปกรณ์ทำความสะอาดภายในบ้าน,คนออกมาเดินเล่นหรือซื้อของน้อยลง,เดินทางโดยรถยนต์ (ปิดกระจก),ฉันรู้สึกปกติ / สงบ,ใช่ บางครั้งฉันพูดน้อยลงเพราะต้องการใส่หน้ากากอนามัยไว้ตลอดเวลา,อยู่ในห้องที่เปิดเครื่องปรับอากาศ (แอร์) และปิดหน้าต่างทุกบาน,ใช้เวลาเท่าเดิมตามปกติ,แล้วแต่ความคิดแต่ละคน,ไม่ ฉันใส่หน้ากากตลอดเวลาเพื่อความปลอดภัย,ทุกวัน,ฉันสวมเพราะต้องการดูแลและป้องกันสุขภาพของตัวเอง,ฉันพยายามที่จะไม่คิดถึงเรื่องนี้เลย,ฉันคิดว่าพื้นที่นี้ยังคงดีกว่าจังหวัดอื่นๆ,ฉันจะสวมหน้ากากก็ต่อเมื่อมีคนอยู่รอบๆจำนวนมากเท่านั้น,การเผาขยะ หรือการสูบบุหรี่ในที่สาธารณะ,ติดตามผ่านโซเชียลมีเดีย (เช่น กลุ่ม Facebook หรือ Line),ใช่ ฉันเชื่อว่ามันจะดีขึ้น
R035,TH,Thai,Original,ฝุ่นควัน_PM2.5_ในพื้นที่แม่สอด_Maesot_and_Tak_Area_PM_2.5_response_Thai(1).csv,6/4/2026 11:34,มีปัญหาทางด้านการหายใจหรือระบบทางเดินหายใจ,ต่ำกว่า 18 ปี,การเดินทางหรือไปเที่ยวรอบๆ พื้นที่แม่สอด,"หน้ากากอนามัย, อุปกรณ์ทำความสะอาดภายในบ้าน, เครื่องฟอกอากาศหรือแผ่นกรองอากาศใหม่","ผู้คนสวมหน้ากากอนามัยกันมากขึ้น, อากาศมีกลิ่นเหมือนการเผาไหม้หรือกลิ่นควันไม้","สวมหน้ากากอนามัย และพกสเปรย์แอลกอฮอล์, เดินทางโดยรถยนต์ (ปิดกระจก)",ฉันรู้สึกเครียดและกังวลมาก,ใช่ บางครั้งฉันพูดน้อยลงเพราะต้องการใส่หน้ากากอนามัยไว้ตลอดเวลา,อยู่ในห้องที่เปิดเครื่องปรับอากาศ (แอร์) และปิดหน้าต่างทุกบาน,น้อยลงกว่าเดิมเล็กน้อย,เนื่องจากหายใจไม่ค่อยสะดวก อาจรู้สึกอึดอัดด้วย และเนื่องด้วยอากาศร้อนจริงอาจทำให้เหงื่อไหลได้และร้อนง่าย,ใช่ เฉพาะตอนที่ฉันเริ่มรู้สึกไม่ดีหรือเห็นฝุ่นเท่านั้น,ทุกวัน,ฉันสวมเพราะต้องการดูแลและป้องกันสุขภาพของตัวเอง,ไม่ ฉันยังรู้สึกว่ามันเป็นปัญหาที่อันตรายและไม่ควรเป็นเรื่องปกติ,ฉันจะอยู่ที่นี่ต่อไปและยอมรับว่ามันเป็นส่วนหนึ่งของชีวิต,ใช่ เพราะทำให้คุยกันและกินอาหารได้สะดวกกว่า,"การเผาพื้นที่เกษตรกรรมและไฟป่า, การเผาขยะ หรือการสูบบุหรี่ในที่สาธารณะ",ติดตามผ่านโซเชียลมีเดีย (เช่น กลุ่ม Facebook หรือ Line),ไม่ ฉันคิดว่ามันจะเหมือนเดิมหรือแย่ลงกว่าเดิม
R036,TH,Thai,Original,ฝุ่นควัน_PM2.5_ในพื้นที่แม่สอด_Maesot_and_Tak_Area_PM_2.5_response_Thai(1).csv,6/4/2026 11:42,"มีอาการแพ้ (จาม, แสบตา/คันตา)",ต่ำกว่า 18 ปี,"การเล่นกีฬา(ฟุตบอล, วิ่ง และอื่นๆ)","อุปกรณ์ทำความสะอาดภายในบ้าน, ยาหยอดตาหรือสเปรย์ฉีดจมูก",อากาศมีกลิ่นเหมือนการเผาไหม้หรือกลิ่นควันไม้,สวมหน้ากากอนามัย และพกสเปรย์แอลกอฮอล์,ฉันรู้สึกปกติ / สงบ,ไม่ หมอกควันไม่ได้ทำให้วิธีการเข้าสังคมหรือการพูดคุยกับผู้คนของฉันเปลี่ยนไป,"ใช้พัดลมและเปิดหน้าต่างทิ้งไว้, อยู่ในห้องที่เปิดเครื่องปรับอากาศ (แอร์) และปิดหน้าต่างทุกบาน",น้อยลงกว่าเดิมเล็กน้อย,อึดอัด,ใช่ เฉพาะตอนที่ฉันเริ่มรู้สึกไม่ดีหรือเห็นฝุ่นเท่านั้น,ทุกวัน,ฉันสวมเพราะต้องการดูแลและป้องกันสุขภาพของตัวเอง,ไม่ ฉันยังรู้สึกว่ามันเป็นปัญหาที่อันตรายและไม่ควรเป็นเรื่องปกติ,ฉันไม่ได้สนใจเรื่องหมอกควัน ฉันแค่โฟกัสกับการใช้ชีวิตประจำวันของตัวเอง,ไม่ ฉันคิดว่าไม่จำเป็นต้องสวมหน้ากากเมื่ออยู่ในอาคารอยู่แล้ว,การเผาขยะ หรือการสูบบุหรี่ในที่สาธารณะ,ไม่ได้ตรวจสอบ จะรู้ก็ต่อเมื่อเริ่มรู้สึกไม่สบายหรือป่วยเท่านั้น,ใช่ ฉันเชื่อว่ามันจะดีขึ้น
R037,TH,Thai,Original,ฝุ่นควัน_PM2.5_ในพื้นที่แม่สอด_Maesot_and_Tak_Area_PM_2.5_response_Thai(1).csv,6/4/2026 11:44,"มีอาการแพ้ (จาม, แสบตา/คันตา), มีปัญหาทางด้านการหายใจหรือระบบทางเดินหายใจ",18-25 ปี,"การเล่นกีฬา(ฟุตบอล, วิ่ง และอื่นๆ), การออกกำลังกายหรือเดินเล่นนอกบ้าน",หน้ากากอนามัย,"อากาศมีกลิ่นเหมือนการเผาไหม้หรือกลิ่นควันไม้, มองเห็นภูเขาหรือตึกที่อยู่ไกลออกไปได้ยาก",เดินทางโดยรถยนต์ (ปิดกระจก),ฉันรู้สึกเครียดและกังวลมาก,ใช่ บางครั้งฉันพูดน้อยลงเพราะต้องการใส่หน้ากากอนามัยไว้ตลอดเวลา,อยู่ในห้องที่เปิดเครื่องปรับอากาศ (แอร์) และปิดหน้าต่างทุกบาน,ส่วนใหญ่จะอยู่แต่ภายในอาคาร,เรื่องความสะดวกสบายในการใช้ชีวิตเมื่อสวมหน้ากากและหน้ากากที่มีคุณภาพในการป้องกันสามารถหาซี้อได้ยาก,ใช่ เฉพาะตอนที่ฉันเริ่มรู้สึกไม่ดีหรือเห็นฝุ่นเท่านั้น,2-3 ครั้งต่อสัปดาห์,ฉันสวมเพราะต้องการดูแลและป้องกันสุขภาพของตัวเอง,ไม่ ฉันยังรู้สึกว่ามันเป็นปัญหาที่อันตรายและไม่ควรเป็นเรื่องปกติ,ฉันอยากย้ายออกไป แต่ไม่มีทางเลือกเพราะเรื่องงานหรือเรื่องเรียน,ใช่ เพราะทำให้คุยกันและกินอาหารได้สะดวกกว่า,การเผาพื้นที่เกษตรกรรมและไฟป่า,ตรวจสอบผ่านแอปพลิเคชันพยากรณ์อากาศหรือเว็บไซต์ (เช่น IQAir / AirVisual),ใช่ ฉันเชื่อว่ามันจะดีขึ้น
R038,TH,Thai,Original,ฝุ่นควัน_PM2.5_ในพื้นที่แม่สอด_Maesot_and_Tak_Area_PM_2.5_response_Thai(1).csv,6/4/2026 12:11,"มีอาการแพ้ (จาม, แสบตา/คันตา)",ต่ำกว่า 18 ปี,การออกกำลังกายหรือเดินเล่นนอกบ้าน,ยาแก้ไอหรือยาแก้แพ้,"อากาศมีกลิ่นเหมือนการเผาไหม้หรือกลิ่นควันไม้, มองเห็นภูเขาหรือตึกที่อยู่ไกลออกไปได้ยาก, ทุกอย่างดูเป็นสีเทาไปหมด",เดินทางโดยรถยนต์ (ปิดกระจก),ฉันรู้สึกรำคาญใจเล็กน้อย,ไม่ หมอกควันไม่ได้ทำให้วิธีการเข้าสังคมหรือการพูดคุยกับผู้คนของฉันเปลี่ยนไป,"เปิดหน้าต่างและประตูทุกบานเพื่อให้ระบายอากาศ, ใช้พัดลมและเปิดหน้าต่างทิ้งไว้",ส่วนใหญ่จะอยู่แต่ภายในอาคาร,อากาศร้อนเลยรู้สึกอึดอัด,ไม่ ปกติฉันก็แทบจะไม่ใส่หน้ากากอยู่แล้ว,2-3 ครั้งต่อสัปดาห์,ฉันสวมเฉพาะเมื่อที่ทำงาน โรงเรียน หรือร้านค้าบังคับให้ใส่เท่านั้น,"ใช่ มันกลายเป็นเรื่องปกติของทุกปีไปแล้ว, ฉันจะสังเกตเห็นเฉพาะช่วงเดือนที่ร้อนมากๆ เท่านั้น (ม.ค. - พ.ค.)",ฉันคิดว่าพื้นที่นี้ยังคงดีกว่าจังหวัดอื่นๆ,ใช่ เพราะทำให้คุยกันและกินอาหารได้สะดวกกว่า,"การเผาพื้นที่เกษตรกรรมและไฟป่า, ควันจากรถยนต์เก่า รถบรรทุก และรถจักรยานยนต์, การเผาขยะ หรือการสูบบุหรี่ในที่สาธารณะ, ควันลอยมาจากพื้นที่ฝั่งประเทศเพื่อนบ้าน (ข้ามพรมแดน)",ตรวจสอบผ่านแอปพลิเคชันพยากรณ์อากาศหรือเว็บไซต์ (เช่น IQAir / AirVisual),ไม่ ฉันคิดว่ามันจะเหมือนเดิมหรือแย่ลงกว่าเดิม
R039,TH,Thai,Original,ฝุ่นควัน_PM2.5_ในพื้นที่แม่สอด_Maesot_and_Tak_Area_PM_2.5_response_Thai(1).csv,6/4/2026 12:16,มีปัญหาทางด้านการหายใจหรือระบบทางเดินหายใจ,18-25 ปี,"การเล่นกีฬา(ฟุตบอล, วิ่ง และอื่นๆ), การไปนั่งเล่นกับเพื่อนตามคาเฟ่หรือสวนสาธารณะ, การเดินทางหรือไปเที่ยวรอบๆ พื้นที่แม่สอด, การทำงานหรือนั่งเรียนในพื้นที่เปิดโล่ง (Outdoor), การออกกำลังกายหรือเดินเล่นนอกบ้าน","หน้ากากอนามัย, ยาแก้ไอหรือยาแก้แพ้","ผู้คนสวมหน้ากากอนามัยกันมากขึ้น, อากาศมีกลิ่นเหมือนการเผาไหม้หรือกลิ่นควันไม้, มองเห็นภูเขาหรือตึกที่อยู่ไกลออกไปได้ยาก, ทุกอย่างดูเป็นสีเทาไปหมด",สวมหน้ากากอนามัย และพกสเปรย์แอลกอฮอล์,ฉันรู้สึกเศร้าหรือหดหู่เพราะท้องฟ้าที่เป็นสีเทา,ใช่ บางครั้งฉันพูดน้อยลงเพราะต้องการใส่หน้ากากอนามัยไว้ตลอดเวลา,ปิดประตูหน้าต่างและเปิดพัดลมกรือแอร์,ส่วนใหญ่จะอยู่แต่ภายในอาคาร,เพราะอากาศร้อน ทำให้เมื่อใส่หน้ากากอนามัยจะหายใจไม่สะดวก,ไม่ ฉันใส่หน้ากากตลอดเวลาเพื่อความปลอดภัย,ทุกวัน,ฉันสวมเพราะต้องการดูแลและป้องกันสุขภาพของตัวเอง,ไม่ ฉันยังรู้สึกว่ามันเป็นปัญหาที่อันตรายและไม่ควรเป็นเรื่องปกติ,ฉันอยากย้ายออกไป แต่ไม่มีทางเลือกเพราะเรื่องงานหรือเรื่องเรียน,ใช่ ฉันรู้สึกปลอดภัยจากหมอกควันเมื่ออยู่ข้างใน,"การเผาพื้นที่เกษตรกรรมและไฟป่า, ควันจากรถยนต์เก่า รถบรรทุก และรถจักรยานยนต์, การเผาขยะ หรือการสูบบุหรี่ในที่สาธารณะ, ควันลอยมาจากพื้นที่ฝั่งประเทศเพื่อนบ้าน (ข้ามพรมแดน)",สังเกตจากท้องฟ้าหรือกลุ่มก้อนเมฆด้วยตาเปล่า,ไม่ ฉันคิดว่ามันจะเหมือนเดิมหรือแย่ลงกว่าเดิม
R040,TH,Thai,Original,ฝุ่นควัน_PM2.5_ในพื้นที่แม่สอด_Maesot_and_Tak_Area_PM_2.5_response_Thai(1).csv,6/4/2026 12:18,"รู้สึกป่วย, เหนื่อยล้า หรือเวียนหัว",ต่ำกว่า 18 ปี,"การเล่นกีฬา(ฟุตบอล, วิ่ง และอื่นๆ)",หน้ากากอนามัย,"อากาศมีกลิ่นเหมือนการเผาไหม้หรือกลิ่นควันไม้, ทุกอย่างดูเป็นสีเทาไปหมด",สวมหน้ากากอนามัย และพกสเปรย์แอลกอฮอล์,ฉันรู้สึกรำคาญใจเล็กน้อย,ไม่ หมอกควันไม่ได้ทำให้วิธีการเข้าสังคมหรือการพูดคุยกับผู้คนของฉันเปลี่ยนไป,เปิดหน้าต่างและประตูทุกบานเพื่อให้ระบายอากาศ,ออกไปเฉพาะเวลาทำงานหรือไปหาอาหารเท่านั้น,ไม่รู้,ใช่ เฉพาะตอนที่ฉันเริ่มรู้สึกไม่ดีหรือเห็นฝุ่นเท่านั้น,ทุกวัน,ฉันสวมเพราะต้องการดูแลและป้องกันสุขภาพของตัวเอง,ใช่ มันกลายเป็นเรื่องปกติของทุกปีไปแล้ว,ฉันอยากย้ายออกไป แต่ไม่มีทางเลือกเพราะเรื่องงานหรือเรื่องเรียน,ไม่ ฉันคิดว่าไม่จำเป็นต้องสวมหน้ากากเมื่ออยู่ในอาคารอยู่แล้ว,การเผาพื้นที่เกษตรกรรมและไฟป่า,ติดตามผ่านโซเชียลมีเดีย (เช่น กลุ่ม Facebook หรือ Line),ใช่ ฉันเชื่อว่ามันจะดีขึ้น
R041,TH,Thai,Original,ฝุ่นควัน_PM2.5_ในพื้นที่แม่สอด_Maesot_and_Tak_Area_PM_2.5_response_Thai(1).csv,6/4/2026 12:23,"มีอาการแพ้ (จาม, แสบตา/คันตา)",ต่ำกว่า 18 ปี,การเดินทางหรือไปเที่ยวรอบๆ พื้นที่แม่สอด,ใช้ไฟฟ้ามากขึ้นสำหรับพัดลมหรือเครื่องปรับอากาศ (แอร์),มองเห็นภูเขาหรือตึกที่อยู่ไกลออกไปได้ยาก,เดินทางโดยรถยนต์ (ปิดกระจก),ฉันรู้สึกปกติ / สงบ,ไม่ หมอกควันไม่ได้ทำให้วิธีการเข้าสังคมหรือการพูดคุยกับผู้คนของฉันเปลี่ยนไป,เปิดหน้าต่างและประตูทุกบานเพื่อให้ระบายอากาศ,ใช้เวลาเท่าเดิมตามปกติ,รำคาญที่จะใส่หรือขี้เกียจ,ไม่ ปกติฉันก็แทบจะไม่ใส่หน้ากากอยู่แล้ว,เฉพาะช่วงที่อากาศแย่มากๆ,ฉันไม่สวมหน้ากากเลย เพราะไม่มีใครบังคับ,ใช่ มันกลายเป็นเรื่องปกติของทุกปีไปแล้ว,ฉันจะอยู่ที่นี่ต่อไปและยอมรับว่ามันเป็นส่วนหนึ่งของชีวิต,ใช่ ฉันรู้สึกปลอดภัยจากหมอกควันเมื่ออยู่ข้างใน,"การเผาพื้นที่เกษตรกรรมและไฟป่า, การเผาขยะ หรือการสูบบุหรี่ในที่สาธารณะ",ตรวจสอบผ่านแอปพลิเคชันพยากรณ์อากาศหรือเว็บไซต์ (เช่น IQAir / AirVisual),ใช่ ฉันเชื่อว่ามันจะดีขึ้น
R042,TH,Thai,Original,ฝุ่นควัน_PM2.5_ในพื้นที่แม่สอด_Maesot_and_Tak_Area_PM_2.5_response_Thai(1).csv,6/4/2026 13:07,"มีอาการแพ้ (จาม, แสบตา/คันตา)",มากกว่า 40 ปี,การออกกำลังกายหรือเดินเล่นนอกบ้าน,"หน้ากากอนามัย, อุปกรณ์ทำความสะอาดภายในบ้าน, ยาหยอดตาหรือสเปรย์ฉีดจมูก, ยาแก้ไอหรือยาแก้แพ้","ผู้คนสวมหน้ากากอนามัยกันมากขึ้น, คนออกมาเดินเล่นหรือซื้อของน้อยลง, ทุกอย่างดูเป็นสีเทาไปหมด","สวมหน้ากากอนามัย และพกสเปรย์แอลกอฮอล์, เดินทางโดยรถยนต์ (ปิดกระจก)",ฉันรู้สึกปกติ / สงบ,ใช่ บางครั้งฉันพูดน้อยลงเพราะต้องการใส่หน้ากากอนามัยไว้ตลอดเวลา,ใช้พัดลมและเปิดหน้าต่างทิ้งไว้,ใช้เวลาเท่าเดิมตามปกติ,แล้วแต่ความคิดของแต่ละคน,ไม่ ฉันใส่หน้ากากตลอดเวลาเพื่อความปลอดภัย,ทำความสะอาดบ้านทุกวันอยู่แล้ว,ฉันสวมเพราะต้องการดูแลและป้องกันสุขภาพของตัวเอง,"ใช่ มันกลายเป็นเรื่องปกติของทุกปีไปแล้ว, ฉันจะสังเกตเห็นเฉพาะช่วงเดือนที่ร้อนมากๆ เท่านั้น (ม.ค. - พ.ค.), ฉันพยายามที่จะไม่คิดถึงเรื่องนี้เลย",ฉันจะอยู่ที่นี่ต่อไปและยอมรับว่ามันเป็นส่วนหนึ่งของชีวิต,ฉันจะสวมหน้ากากก็ต่อเมื่อมีคนอยู่รอบๆจำนวนมากเท่านั้น,"การเผาพื้นที่เกษตรกรรมและไฟป่า, การเผาขยะ หรือการสูบบุหรี่ในที่สาธารณะ, ควันลอยมาจากพื้นที่ฝั่งประเทศเพื่อนบ้าน (ข้ามพรมแดน)",สังเกตจากท้องฟ้าหรือกลุ่มก้อนเมฆด้วยตาเปล่า,ใช่ ฉันเชื่อว่ามันจะดีขึ้น
R043,TH,Thai,Original,ฝุ่นควัน_PM2.5_ในพื้นที่แม่สอด_Maesot_and_Tak_Area_PM_2.5_response_Thai(1).csv,6/4/2026 15:44,มีปัญหาทางด้านการหายใจหรือระบบทางเดินหายใจ,ต่ำกว่า 18 ปี,"การเล่นกีฬา(ฟุตบอล, วิ่ง และอื่นๆ), การทำงานหรือนั่งเรียนในพื้นที่เปิดโล่ง (Outdoor), การออกกำลังกายหรือเดินเล่นนอกบ้าน","หน้ากากอนามัย, ใช้ไฟฟ้ามากขึ้นสำหรับพัดลมหรือเครื่องปรับอากาศ (แอร์)",อากาศมีกลิ่นเหมือนการเผาไหม้หรือกลิ่นควันไม้,"สวมหน้ากากอนามัย และพกสเปรย์แอลกอฮอล์, เดินทางโดยรถยนต์ (ปิดกระจก)",ฉันรู้สึกรำคาญใจเล็กน้อย,ใช่ บางครั้งฉันพูดน้อยลงเพราะต้องการใส่หน้ากากอนามัยไว้ตลอดเวลา,อยู่ในห้องที่เปิดเครื่องปรับอากาศ (แอร์) และปิดหน้าต่างทุกบาน,ใช้เวลาเท่าเดิมตามปกติ,ใส่แล้วหายใจไม่ออก เพราะอากาศร้อนเกินไป,ไม่ ปกติฉันก็แทบจะไม่ใส่หน้ากากอยู่แล้ว,ทุกวัน,ฉันสวมเฉพาะเมื่อที่ทำงาน โรงเรียน หรือร้านค้าบังคับให้ใส่เท่านั้น,ไม่ ฉันยังรู้สึกว่ามันเป็นปัญหาที่อันตรายและไม่ควรเป็นเรื่องปกติ,ฉันจะอยู่ที่นี่ต่อไปและยอมรับว่ามันเป็นส่วนหนึ่งของชีวิต,ใช่ เพราะทำให้คุยกันและกินอาหารได้สะดวกกว่า,การเผาพื้นที่เกษตรกรรมและไฟป่า,ติดตามผ่านโซเชียลมีเดีย (เช่น กลุ่ม Facebook หรือ Line),ไม่ ฉันคิดว่ามันจะเหมือนเดิมหรือแย่ลงกว่าเดิม
R044,TH,Thai,Original,ฝุ่นควัน_PM2.5_ในพื้นที่แม่สอด_Maesot_and_Tak_Area_PM_2.5_response_Thai(1).csv,6/4/2026 18:50,"มีอาการแพ้ (จาม, แสบตา/คันตา), มีปัญหาทางด้านการหายใจหรือระบบทางเดินหายใจ, รู้สึกป่วย, เหนื่อยล้า หรือเวียนหัว",ต่ำกว่า 18 ปี,"การไปนั่งเล่นกับเพื่อนตามคาเฟ่หรือสวนสาธารณะ, การทำงานหรือนั่งเรียนในพื้นที่เปิดโล่ง (Outdoor)","หน้ากากอนามัย, ใช้ไฟฟ้ามากขึ้นสำหรับพัดลมหรือเครื่องปรับอากาศ (แอร์), ยาแก้ไอหรือยาแก้แพ้","ผู้คนสวมหน้ากากอนามัยกันมากขึ้น, คนออกมาเดินเล่นหรือซื้อของน้อยลง, มองเห็นภูเขาหรือตึกที่อยู่ไกลออกไปได้ยาก, ทุกอย่างดูเป็นสีเทาไปหมด",สวมหน้ากากอนามัย และพกสเปรย์แอลกอฮอล์,ฉันรู้สึกเศร้าหรือหดหู่เพราะท้องฟ้าที่เป็นสีเทา,ใช่ บางครั้งฉันพูดน้อยลงเพราะต้องการใส่หน้ากากอนามัยไว้ตลอดเวลา,อยู่ในห้องที่เปิดเครื่องปรับอากาศ (แอร์) และปิดหน้าต่างทุกบาน,ส่วนใหญ่จะอยู่แต่ภายในอาคาร,ขี้เกียจ,ใช่ เฉพาะตอนที่ฉันเริ่มรู้สึกไม่ดีหรือเห็นฝุ่นเท่านั้น,2-3 ครั้งต่อสัปดาห์,ฉันสวมเพราะต้องการดูแลและป้องกันสุขภาพของตัวเอง,ไม่ ฉันยังรู้สึกว่ามันเป็นปัญหาที่อันตรายและไม่ควรเป็นเรื่องปกติ,ฉันอยากย้ายออกไป แต่ไม่มีทางเลือกเพราะเรื่องงานหรือเรื่องเรียน,ใช่ เพราะทำให้คุยกันและกินอาหารได้สะดวกกว่า,"การเผาพื้นที่เกษตรกรรมและไฟป่า, การเผาขยะ หรือการสูบบุหรี่ในที่สาธารณะ, ควันลอยมาจากพื้นที่ฝั่งประเทศเพื่อนบ้าน (ข้ามพรมแดน)",ติดตามผ่านโซเชียลมีเดีย (เช่น กลุ่ม Facebook หรือ Line),ใช่ ฉันเชื่อว่ามันจะดีขึ้น
R045,TH,Thai,Original,ฝุ่นควัน_PM2.5_ในพื้นที่แม่สอด_Maesot_and_Tak_Area_PM_2.5_response_Thai(1).csv,9/4/2026 13:06,มีปัญหาทางด้านการหายใจหรือระบบทางเดินหายใจ,ต่ำกว่า 18 ปี,การออกกำลังกายหรือเดินเล่นนอกบ้าน,อุปกรณ์ทำความสะอาดภายในบ้าน,มองเห็นภูเขาหรือตึกที่อยู่ไกลออกไปได้ยาก,สวมหน้ากากอนามัย และพกสเปรย์แอลกอฮอล์,ฉันรู้สึกรำคาญใจเล็กน้อย,ใช่ บางครั้งฉันพูดน้อยลงเพราะต้องการใส่หน้ากากอนามัยไว้ตลอดเวลา,อยู่ในห้องที่เปิดเครื่องปรับอากาศ (แอร์) และปิดหน้าต่างทุกบาน,น้อยลงกว่าเดิมเล็กน้อย,_,ใช่ เฉพาะตอนที่ฉันเริ่มรู้สึกไม่ดีหรือเห็นฝุ่นเท่านั้น,2-3 ครั้งต่อสัปดาห์,ฉันสวมเพราะต้องการดูแลและป้องกันสุขภาพของตัวเอง,"ใช่ มันกลายเป็นเรื่องปกติของทุกปีไปแล้ว, ฉันจะสังเกตเห็นเฉพาะช่วงเดือนที่ร้อนมากๆ เท่านั้น (ม.ค. - พ.ค.)",ฉันจะอยู่ที่นี่ต่อไปและยอมรับว่ามันเป็นส่วนหนึ่งของชีวิต,ใช่ ฉันรู้สึกปลอดภัยจากหมอกควันเมื่ออยู่ข้างใน,"การเผาพื้นที่เกษตรกรรมและไฟป่า, ควันจากรถยนต์เก่า รถบรรทุก และรถจักรยานยนต์, การเผาขยะ หรือการสูบบุหรี่ในที่สาธารณะ",ตรวจสอบผ่านแอปพลิเคชันพยากรณ์อากาศหรือเว็บไซต์ (เช่น IQAir / AirVisual),ไม่ ฉันคิดว่ามันจะเหมือนเดิมหรือแย่ลงกว่าเดิม
R046,TH,Thai,Original,ฝุ่นควัน_PM2.5_ในพื้นที่แม่สอด_Maesot_and_Tak_Area_PM_2.5_response_Thai(1).csv,9/4/2026 14:25,มีปัญหาทางด้านการหายใจหรือระบบทางเดินหายใจ,ต่ำกว่า 18 ปี,"การเล่นกีฬา(ฟุตบอล, วิ่ง และอื่นๆ)",หน้ากากอนามัย,ผู้คนสวมหน้ากากอนามัยกันมากขึ้น,เดินทางโดยรถยนต์ (ปิดกระจก),ฉันรู้สึกปกติ / สงบ,ใช่ บางครั้งฉันพูดน้อยลงเพราะต้องการใส่หน้ากากอนามัยไว้ตลอดเวลา,ใช้พัดลมและเปิดหน้าต่างทิ้งไว้,ใช้เวลาเท่าเดิมตามปกติ,ขก,ใช่ เฉพาะตอนที่ฉันเริ่มรู้สึกไม่ดีหรือเห็นฝุ่นเท่านั้น,ทุกวัน,ฉันสวมเฉพาะเมื่อที่ทำงาน โรงเรียน หรือร้านค้าบังคับให้ใส่เท่านั้น,ใช่ มันกลายเป็นเรื่องปกติของทุกปีไปแล้ว,ฉันจะอยู่ที่นี่ต่อไปและยอมรับว่ามันเป็นส่วนหนึ่งของชีวิต,ใช่ ฉันรู้สึกปลอดภัยจากหมอกควันเมื่ออยู่ข้างใน,การเผาพื้นที่เกษตรกรรมและไฟป่า,ตรวจสอบผ่านแอปพลิเคชันพยากรณ์อากาศหรือเว็บไซต์ (เช่น IQAir / AirVisual),ใช่ ฉันเชื่อว่ามันจะดีขึ้น
R047,TH,Thai,Original,ฝุ่นควัน_PM2.5_ในพื้นที่แม่สอด_Maesot_and_Tak_Area_PM_2.5_response_Thai(1).csv,12/4/2026 13:08,"มีอาการแพ้ (จาม, แสบตา/คันตา)",ต่ำกว่า 18 ปี,การออกกำลังกายหรือเดินเล่นนอกบ้าน,หน้ากากอนามัย,"คนออกมาเดินเล่นหรือซื้อของน้อยลง, อากาศมีกลิ่นเหมือนการเผาไหม้หรือกลิ่นควันไม้, มองเห็นภูเขาหรือตึกที่อยู่ไกลออกไปได้ยาก",สวมหน้ากากอนามัย และพกสเปรย์แอลกอฮอล์,ฉันรู้สึกรำคาญใจเล็กน้อย,ไม่ หมอกควันไม่ได้ทำให้วิธีการเข้าสังคมหรือการพูดคุยกับผู้คนของฉันเปลี่ยนไป,เปิดหน้าต่างและประตูทุกบานเพื่อให้ระบายอากาศ,น้อยลงกว่าเดิมเล็กน้อย,คิดว่าคงไม่ส่งผลเสียต่อสุขภาพของคนเหล่านั้น,ไม่ ปกติฉันก็แทบจะไม่ใส่หน้ากากอยู่แล้ว,2-3 ครั้งต่อสัปดาห์,ฉันสวมเฉพาะเมื่อที่ทำงาน โรงเรียน หรือร้านค้าบังคับให้ใส่เท่านั้น,ใช่ มันกลายเป็นเรื่องปกติของทุกปีไปแล้ว,ฉันไม่ได้สนใจเรื่องหมอกควัน ฉันแค่โฟกัสกับการใช้ชีวิตประจำวันของตัวเอง,ใช่ ฉันรู้สึกปลอดภัยจากหมอกควันเมื่ออยู่ข้างใน,การเผาพื้นที่เกษตรกรรมและไฟป่า,สังเกตจากท้องฟ้าหรือกลุ่มก้อนเมฆด้วยตาเปล่า,ไม่ ฉันคิดว่ามันจะเหมือนเดิมหรือแย่ลงกว่าเดิม
R048,TH,Thai,Original,ฝุ่นควัน_PM2.5_ในพื้นที่แม่สอด_Maesot_and_Tak_Area_PM_2.5_response_Thai(1).csv,30/04/2026 10:39:32,"มีอาการแพ้ (จาม, แสบตา/คันตา)",18-25 ปี,"การเล่นกีฬา(ฟุตบอล, วิ่ง และอื่นๆ)","อุปกรณ์ทำความสะอาดภายในบ้าน, ยาหยอดตาหรือสเปรย์ฉีดจมูก, ใช้ไฟฟ้ามากขึ้นสำหรับพัดลมหรือเครื่องปรับอากาศ (แอร์), เครื่องฟอกอากาศหรือแผ่นกรองอากาศใหม่","ผู้คนสวมหน้ากากอนามัยกันมากขึ้น, คนออกมาเดินเล่นหรือซื้อของน้อยลง",สวมหน้ากากอนามัย และพกสเปรย์แอลกอฮอล์,ฉันรู้สึกรำคาญใจเล็กน้อย,ใช่ บางครั้งฉันพูดน้อยลงเพราะต้องการใส่หน้ากากอนามัยไว้ตลอดเวลา,เปิดหน้าต่างและประตูทุกบานเพื่อให้ระบายอากาศ,น้อยลงกว่าเดิมเล็กน้อย,ขี้เกียด,ใช่ เฉพาะตอนที่ฉันเริ่มรู้สึกไม่ดีหรือเห็นฝุ่นเท่านั้น,2-3 ครั้งต่อสัปดาห์,ฉันสวมเฉพาะเมื่อที่ทำงาน โรงเรียน หรือร้านค้าบังคับให้ใส่เท่านั้น,ใช่ มันกลายเป็นเรื่องปกติของทุกปีไปแล้ว,ฉันจะอยู่ที่นี่ต่อไปและยอมรับว่ามันเป็นส่วนหนึ่งของชีวิต,ใช่ ฉันรู้สึกปลอดภัยจากหมอกควันเมื่ออยู่ข้างใน,การเผาพื้นที่เกษตรกรรมและไฟป่า,ตรวจสอบผ่านแอปพลิเคชันพยากรณ์อากาศหรือเว็บไซต์ (เช่น IQAir / AirVisual),ใช่ ฉันเชื่อว่ามันจะดีขึ้น
R049,EN,English,Original,Maesot_and_Tak_Area_PM_2.5_response_English(1).csv,27/03/2026 07:55:28,"Allergic reactions (sneezing, itchy eyes)",26-40,"Playing sports outdoors (football, running, etc.), Hanging out with friends at cafes or parks, Working or studying in outdoor areas, Exercising or walking outside","Face masks, Eye drops or nasal spray, Medicines for cough or allergies","More people are wearing masks, The air smells like like burning or woodsmoke, The mountains or far-away buildings are hard to see","wear a mask, bring alcohol spray",I feel very stressed and worried,"Yes, sometimes I talk less because I want to keep my mask on.",Open all windows and doors to let the air flow.,A little less than before.,Maybe for personal reason,"Yes, only when I feel bad or see dust.",Everyday,"I wear it sometimes, but take it off when I'm not at work.","No, I still feel it is a dangerous and unusual problem, I only notice it during the very hot months (Jan-May)",I think this area is still better than other provinces.,"Yes, I feel safe from the smoke inside","Burning of agricultural fields and forests, Smoke from old cars, trucks, and motorcycles, Burning trash or smoking cigarettes in public",I check through social media (Facebook/Line groups),"Yes, I believe it will get better."
R050,EN,English,Original,Maesot_and_Tak_Area_PM_2.5_response_English(1).csv,27/03/2026 20:56:57,"Allergic reactions (sneezing, itchy eyes), Breathing problems or respiratory issues",26-40,"Playing sports outdoors (football, running, etc.), Traveling or going on trips around Maesot, Working or studying in outdoor areas, Exercising or walking outside","Face masks, Air purifier or new filters","More people are wearing masks, The air smells like like burning or woodsmoke, The mountains or far-away buildings are hard to see","wear a mask, bring alcohol spray, Close all windows at home",I feel a little bit annoyed,"No, the smoke doesn't change how I socialize or talk to people.",Stay in a room with AC turned on with all windows closed.,Same as usual,Perhaps they are not used to it or they think that it is not that serious.,"Yes, only when I feel bad or see dust.",Only when it's bad,I wear it because I want to protect my health.,I only notice it during the very hot months (Jan-May),I will stay here and just accept it as part of life.,"Yes, it is easier to talk and eat without it",Burning trash or smoking cigarettes in public,I check through social media (Facebook/Line groups),"Yes, I believe it will get better."
R051,EN,English,Original,Maesot_and_Tak_Area_PM_2.5_response_English(1).csv,27/03/2026 21:45:48,"Allergic reactions (sneezing, itchy eyes)",Over 40,"Playing sports outdoors (football, running, etc.)",Medicines for cough or allergies,Not noticeable effect,travel by a car,I feel a little bit annoyed,"No, the smoke doesn't change how I socialize or talk to people.",Stay in a room with AC turned on with all windows closed.,Only for work or food.,Fear of infection,"Yes, only when I feel bad or see dust.",Few times a week,I wear it because I want to protect my health.,"Yes, it's just a normal part of every year now","I want to leave, but I have no choice because of my work or school.","No, I don't feel it is necessary to wear a mask indoors",Burning of agricultural fields and forests,"I don't check, I only notice it when I start feeling sick","No, I think it will stay the same or get worse."
R052,EN,English,Original,Maesot_and_Tak_Area_PM_2.5_response_English(1).csv,28/03/2026 09:02:15,"Allergic reactions (sneezing, itchy eyes)",Over 40,Hanging out with friends at cafes or parks,"Face masks, Eye drops or nasal spray, Medicines for cough or allergies",More people are wearing masks,"wear a mask, bring alcohol spray",I feel a little bit annoyed,"Yes, sometimes I talk less because I want to keep my mask on.",Stay in a room with AC turned on with all windows closed.,A little less than before.,Because they can't breathe well with facial mask during this hot weather.,"Yes, only when I feel bad or see dust.",Everyday,I wear it because I want to protect my health.,I try not to think about it at all,"I want to leave, but I have no choice because of my work or school.","Yes, it is easier to talk and eat without it",Burning of agricultural fields and forests,Through a weather app or website (IQAir / AirVisual),"Yes, I believe it will get better."
R053,EN,English,Original,Maesot_and_Tak_Area_PM_2.5_response_English(1).csv,28/03/2026 13:34:35,"Allergic reactions (sneezing, itchy eyes)",26-40,Exercising or walking outside,Face masks,More people are wearing masks,"wear a mask, bring alcohol spray",I feel very stressed and worried,"Yes, sometimes I talk less because I want to keep my mask on.",Open all windows and doors to let the air flow.,Only for work or food.,People should wear a mask go outside,"Yes, only when I feel bad or see dust.",Everyday,I wear it because I want to protect my health.,I only notice it during the very hot months (Jan-May),"I want to leave, but I have no choice because of my work or school.","Yes, it is easier to talk and eat without it",Burning of agricultural fields and forests,I check through social media (Facebook/Line groups),"No, I think it will stay the same or get worse."
R054,EN,English,Original,Maesot_and_Tak_Area_PM_2.5_response_English(1).csv,28/03/2026 13:36:41,"Allergic reactions (sneezing, itchy eyes)",26-40,Hanging out with friends at cafes or parks,No,Everything looks grey,"wear a mask, bring alcohol spray",I feel a little bit annoyed,"No, the smoke doesn't change how I socialize or talk to people.",Use fans and keep the window open.,A little less than before.,They think that they do not need,"Yes, only when I feel bad or see dust.",Only when it's bad,I wear it because I want to protect my health.,"No, I still feel it is a dangerous and unusual problem","I want to leave, but I have no choice because of my work or school.","Yes, it is easier to talk and eat without it","Burning of agricultural fields and forests, Smoke from old cars, trucks, and motorcycles, Burning trash or smoking cigarettes in public, Smoke coming from across the border / areas",I check through social media (Facebook/Line groups),"No, I think it will stay the same or get worse."
R055,EN,English,Original,Maesot_and_Tak_Area_PM_2.5_response_English(1).csv,28/03/2026 14:04:54,"Allergic reactions (sneezing, itchy eyes), Breathing problems or respiratory issues",26-40,"Hanging out with friends at cafes or parks, Traveling or going on trips around Maesot","Face masks, Indoor cleaning supplies","The mountains or far-away buildings are hard to see, Everything looks grey","wear a mask, bring alcohol spray",I feel normal / calm,"Yes, sometimes I talk less because I want to keep my mask on.",Open all windows and doors to let the air flow.,Only for work or food.,"Though it is the best way to protect smoke, wearing mask all day makes uncomfortable.","Yes, only when I feel bad or see dust.",Few times a week,"I wear it sometimes, but take it off when I'm not at work.","Yes, it's just a normal part of every year now",I think this area is still better than other provinces.,"Yes, it is easier to talk and eat without it","Burning of agricultural fields and forests, Smoke from old cars, trucks, and motorcycles, Burning trash or smoking cigarettes in public",I just look at the sky or clouds with my own eyes,"No, I think it will stay the same or get worse."
R056,EN,English,Original,Maesot_and_Tak_Area_PM_2.5_response_English(1).csv,28/03/2026 15:35:20,"It becomes a little difficult go breathe, but it’s not an extreme issue.",Under 18,"Playing sports outdoors (football, running, etc.), Working or studying in outdoor areas",Air purifier or new filters,More people are wearing masks,I don’t usually manage the smoke,I feel a little bit annoyed,"No, the smoke doesn't change how I socialize or talk to people.","Open all windows and doors to let the air flow., Use fans and keep the window open., Stay in a room with AC turned on with all windows closed.",Same as usual,"Perhaps it is not a prevalent problem for them, or people simply find it inconvenient to wear masks.","No, I rarely wear one anyway.",Only when it's bad,"I don't wear a mask, no one forces me to.","Yes, it's just a normal part of every year now, I try not to think about it at all","I don't care about the smoke, I just focus on my daily life.","Yes, it is easier to talk and eat without it","Smoke from old cars, trucks, and motorcycles, Smoke coming from across the border / areas",I check through social media (Facebook/Line groups),"Yes, I believe it will get better."
R057,EN,English,Original,Maesot_and_Tak_Area_PM_2.5_response_English(1).csv,28/03/2026 16:31:25,"Allergic reactions (sneezing, itchy eyes)",Under 18,"Playing sports outdoors (football, running, etc.), Traveling or going on trips around Maesot, Working or studying in outdoor areas, Exercising or walking outside",Face masks,Fewer people are walking around or shopping,"wear a mask, bring alcohol spray, travel by a car",I feel very stressed and worried,"Yes, sometimes I talk less because I want to keep my mask on.","Use fans and keep the window open., Stay in a room with AC turned on with all windows closed.",Only for work or food.,They don't know the dangers of dust.,"No, I wear one all the time to stay safe.",Never,I wear it because I want to protect my health.,"No, I still feel it is a dangerous and unusual problem",I think this area is still better than other provinces.,"Yes, it is easier to talk and eat without it",Burning of agricultural fields and forests,I just look at the sky or clouds with my own eyes,"No, I think it will stay the same or get worse."
R058,EN,English,Original,Maesot_and_Tak_Area_PM_2.5_response_English(1).csv,28/03/2026 17:07:09,"Allergic reactions (sneezing, itchy eyes), Breathing problems or respiratory issues, nosebleed",18-25,"Playing sports outdoors (football, running, etc.), Traveling or going on trips around Maesot, Working or studying in outdoor areas, Exercising or walking outside","Face masks, Eye drops or nasal spray, Air purifier or new filters, Tissue paper","More people are wearing masks, Fewer people are walking around or shopping, The air smells like like burning or woodsmoke, The mountains or far-away buildings are hard to see, Everything looks grey","wear a mask, bring alcohol spray, travel by a car, Hygiene post-exposure",I feel a little bit annoyed,"it depends on the person. Some people are highly sensitive to environmental stressors, while others are more stoic or may not even notice the shift.","Stay in a room with AC turned on with all windows closed., Stay in a room with air purifier",Only for work or food.,"In my view, many people find it physically uncomfortable to wear a mask for long periods.","Yes, only when I feel bad or see dust.",Few times a week,I wear it because I want to protect my health.,"No, I still feel it is a dangerous and unusual problem","I want to leave, but I have no choice because of my work or school.","Yes, I feel safe from the smoke inside","Burning of agricultural fields and forests, Smoke coming from across the border / areas",Through a weather app or website (IQAir / AirVisual),"In my view, the situation will either improve over time or continue as it is today."
R059,EN,English,Original,Maesot_and_Tak_Area_PM_2.5_response_English(1).csv,28/03/2026 17:59:41,"Feeling sick, tired, or dizzy overall",Over 40,"Playing sports outdoors (football, running, etc.), Traveling or going on trips around Maesot, Exercising or walking outside",Face masks,"More people are wearing masks, The air smells like like burning or woodsmoke, The mountains or far-away buildings are hard to see, Everything looks grey","wear a mask, bring alcohol spray",I feel a little bit annoyed,"No, the smoke doesn't change how I socialize or talk to people.",Stay in a room with AC turned on with all windows closed.,A little less than before.,They don’t like using mask unless they feel they need it .,"Yes, only when I feel bad or see dust.",Few times a week,I wear it because I want to protect my health.,"No, I still feel it is a dangerous and unusual problem, I only notice it during the very hot months (Jan-May)",I will stay here and just accept it as part of life.,"Yes, it is easier to talk and eat without it",Burning of agricultural fields and forests,I check through social media (Facebook/Line groups),"No, I think it will stay the same or get worse."
R060,EN,English,Original,Maesot_and_Tak_Area_PM_2.5_response_English(1).csv,28/03/2026 22:27:31,"Feeling sick, tired, or dizzy overall",Under 18,"Playing sports outdoors (football, running, etc.), Exercising or walking outside",Face masks,"The air smells like like burning or woodsmoke, The mountains or far-away buildings are hard to see, Everything looks grey",travel by a car,I feel a little bit annoyed,"No, the smoke doesn't change how I socialize or talk to people.",Use fans and keep the window open.,Same as usual,Because the weather is hot and the mask increases the heat.,"Yes, only when I feel bad or see dust.",Everyday,"I wear it sometimes, but take it off when I'm not at work.",I try not to think about it at all,"I want to leave, but I have no choice because of my work or school.","Yes, it is easier to talk and eat without it","Burning of agricultural fields and forests, Smoke from old cars, trucks, and motorcycles, Burning trash or smoking cigarettes in public","I don't check, I only notice it when I start feeling sick","Yes, I believe it will get better."
R061,EN,English,Original,Maesot_and_Tak_Area_PM_2.5_response_English(1).csv,28/03/2026 23:04:42,"Allergic reactions (sneezing, itchy eyes)",18-25,"Playing sports outdoors (football, running, etc.)",More electricity for fans or Air Conditioning (AC),The mountains or far-away buildings are hard to see,travel by a car,I feel a little bit annoyed,"No, the smoke doesn't change how I socialize or talk to people.",Stay in a room with AC turned on with all windows closed.,Staying inside mostly.,Maybe people don’t realize about it’s impact that much,"No, I rarely wear one anyway.",Never,"I don't wear a mask, no one forces me to.","No, I still feel it is a dangerous and unusual problem","I want to leave, but I have no choice because of my work or school.","Yes, it is easier to talk and eat without it",Burning of agricultural fields and forests,I check through social media (Facebook/Line groups),"No, I think it will stay the same or get worse."
R062,EN,English,Original,Maesot_and_Tak_Area_PM_2.5_response_English(1).csv,30/03/2026 19:04:11,Breathing problems or respiratory issues,26-40,"Playing sports outdoors (football, running, etc.), Hanging out with friends at cafes or parks, Traveling or going on trips around Maesot, Working or studying in outdoor areas, Exercising or walking outside",Face masks,More people are wearing masks,"wear a mask, bring alcohol spray",I feel a little bit annoyed,"Yes, sometimes I talk less because I want to keep my mask on.",Stay in a room with AC turned on with all windows closed.,Same as usual,"In my opinion, many people in Mae Sot choose not to wear masks outdoors due to a decreased perception of COVID-19 risk. Additionally, the hot climate makes mask-wearing uncomfortable, and some individuals believe it is no longer necessary.","Yes, only when I feel bad or see dust.",Few times a week,I wear it because I want to protect my health.,"Yes, it's just a normal part of every year now, No, I still feel it is a dangerous and unusual problem, I only notice it during the very hot months (Jan-May)",I will stay here and just accept it as part of life.,"Yes, it is easier to talk and eat without it",Burning of agricultural fields and forests,Through a weather app or website (IQAir / AirVisual),"Yes, I believe it will get better."
R063,EN,English,Original,Maesot_and_Tak_Area_PM_2.5_response_English(1).csv,30/03/2026 19:37:59,"Allergic reactions (sneezing, itchy eyes), Feeling sick, tired, or dizzy overall",Over 40,"Playing sports outdoors (football, running, etc.), Hanging out with friends at cafes or parks, Traveling or going on trips around Maesot, Working or studying in outdoor areas, Exercising or walking outside","Face masks, Eye drops or nasal spray, Medicines for cough or allergies","More people are wearing masks, Fewer people are walking around or shopping, The mountains or far-away buildings are hard to see, Everything looks grey","wear a mask, bring alcohol spray",I feel a little bit annoyed,"Yes, sometimes I talk less because I want to keep my mask on.",Stay in a room with AC turned on with all windows closed.,Staying inside mostly.,Less awareness for bad impact of air pollution,"Yes, only when I feel bad or see dust.",Few times a week,I wear it because I want to protect my health.,"No, I still feel it is a dangerous and unusual problem, I only notice it during the very hot months (Jan-May)","I want to leave, but I have no choice because of my work or school.","Yes, it is easier to talk and eat without it",Burning of agricultural fields and forests,Through a weather app or website (IQAir / AirVisual),"No, I think it will stay the same or get worse."
R064,EN,English,Original,Maesot_and_Tak_Area_PM_2.5_response_English(1).csv,30/03/2026 21:07:17,"Breathing problems or respiratory issues, Feeling sick, tired, or dizzy overall",26-40,"Playing sports outdoors (football, running, etc.), Hanging out with friends at cafes or parks, Traveling or going on trips around Maesot, Working or studying in outdoor areas, Exercising or walking outside",Face masks,"Fewer people are walking around or shopping, The air smells like like burning or woodsmoke","wear a mask, bring alcohol spray, travel by a car",I feel very stressed and worried,"Yes, sometimes I talk less because I want to keep my mask on.",Stay in a room with AC turned on with all windows closed.,Only for work or food.,lack of health education,"Yes, only when I feel bad or see dust.",Few times a week,I wear it because I want to protect my health.,"No, I still feel it is a dangerous and unusual problem","I want to leave, but I have no choice because of my work or school.","Yes, it is easier to talk and eat without it","Burning of agricultural fields and forests, Smoke from old cars, trucks, and motorcycles",Through a weather app or website (IQAir / AirVisual),"No, I think it will stay the same or get worse."
R065,EN,English,Original,Maesot_and_Tak_Area_PM_2.5_response_English(1).csv,30/03/2026 21:12:11,"Allergic reactions (sneezing, itchy eyes), Breathing problems or respiratory issues, Feeling sick, tired, or dizzy overall, Skin rashes",26-40,"Hanging out with friends at cafes or parks, Exercising or walking outside","Face masks, Eye drops or nasal spray","More people are wearing masks, Fewer people are walking around or shopping, The mountains or far-away buildings are hard to see, Everything looks grey","wear a mask, bring alcohol spray, travel by a car",I feel a little bit annoyed,"No, the smoke doesn't change how I socialize or talk to people.",Stay in a room with AC turned on with all windows closed.,Staying inside mostly.,"As the weather is hot, wearing mask outdoors can be very uncomfortable. Some people probably cannot afford buying masks. For me personally, I don’t want to wear masks for a long time as they irritate my skin and cause acne problems.","Yes, only when I feel bad or see dust.",Few times a week,I wear it because I want to protect my health.,I only notice it during the very hot months (Jan-May),"I want to leave, but I have no choice because of my work or school.","Yes, I feel safe from the smoke inside","Burning of agricultural fields and forests, Smoke from old cars, trucks, and motorcycles",Through a weather app or website (IQAir / AirVisual),"No, I think it will stay the same or get worse."
R066,EN,English,Original,Maesot_and_Tak_Area_PM_2.5_response_English(1).csv,1/4/2026 13:57,Breathing problems or respiratory issues,Over 40,"Playing sports outdoors (football, running, etc.), Exercising or walking outside","Face masks, Air purifier or new filters","The air smells like like burning or woodsmoke, The mountains or far-away buildings are hard to see, Everything looks grey",Checking air quality apps before leaving the house and minimizing time spent outdoors,I feel a little bit annoyed,"No, the smoke doesn't change how I socialize or talk to people.",Monitor Air Quality: Only open windows for a quick "flush" of fresh air if the AQI (Air Quality Index) temporarily drops (usually in the very early morning or after a rare rain shower). Check apps like AirVisual or IQAir before opening up.,Only for work or food.,"The ""Heat and Humidity"" Factor Mae Sot is exceptionally hot, especially during the peak of the smoky season (March–April). Physical Discomfort: Wearing a tight-fitting N95 mask makes breathing feel restricted and causes the face to sweat profusely. It’s often a difficult trade-off. For many in Mae Sot, the choice isn't between ""being healthy"" and ""being stubborn""—it's often a choice between ""being able to work comfortably in 40°C heat"" and ""protecting their long-term health.","Yes, only when I feel bad or see dust.",Everyday,"I wear it sometimes, but take it off when I'm not at work.","Yes, it's just a normal part of every year now",I will stay here and just accept it as part of life.,"Yes, I feel safe from the smoke inside","Burning of agricultural fields and forests, Smoke coming from across the border / areas, Mountainous geography",Through a weather app or website (IQAir / AirVisual),"No, I think it will stay the same or get worse."
R067,EN,English,Original,Maesot_and_Tak_Area_PM_2.5_response_English(1).csv,6/4/2026 9:08,"Allergic reactions (sneezing, itchy eyes)",Over 40,Traveling or going on trips around Maesot,Face masks,"More people are wearing masks, The air smells like like burning or woodsmoke","wear a mask, bring alcohol spray",I feel a little bit annoyed,"No, the smoke doesn't change how I socialize or talk to people.","Open all windows and doors to let the air flow., Use fans and keep the window open.",A little less than before.,"Because of the weather, too hot to wear a mask","No, I wear one all the time to stay safe.",Everyday,I wear it because I want to protect my health.,"No, I still feel it is a dangerous and unusual problem",I will stay here and just accept it as part of life.,"Yes, it is easier to talk and eat without it","Burning of agricultural fields and forests, Smoke coming from across the border / areas",Through a weather app or website (IQAir / AirVisual),"No, I think it will stay the same or get worse."
R068,EN,English,Original,Maesot_and_Tak_Area_PM_2.5_response_English(1).csv,6/4/2026 9:08,"Feeling sick, tired, or dizzy overall",Under 18,"Playing sports outdoors (football, running, etc.), Hanging out with friends at cafes or parks, Traveling or going on trips around Maesot, Working or studying in outdoor areas, Exercising or walking outside",Face masks,"More people are wearing masks, The mountains or far-away buildings are hard to see, Everything looks grey","wear a mask, bring alcohol spray",I feel very stressed and worried,"No, the smoke doesn't change how I socialize or talk to people.","Open all windows and doors to let the air flow., Use fans and keep the window open., Stay in a room with AC turned on with all windows closed.",Only for work or food.,Bc they are lazy,"Yes, only when I feel bad or see dust.",Everyday,I wear it because I want to protect my health.,"I only notice it during the very hot months (Jan-May), I try not to think about it at all","I want to leave, but I have no choice because of my work or school.","Yes, it is easier to talk and eat without it","Burning of agricultural fields and forests, Smoke from old cars, trucks, and motorcycles, Burning trash or smoking cigarettes in public, Smoke coming from across the border / areas",I just look at the sky or clouds with my own eyes,"No, I think it will stay the same or get worse."
R069,EN,English,Original,Maesot_and_Tak_Area_PM_2.5_response_English(1).csv,6/4/2026 9:26,"Feeling sick, tired, or dizzy overall",26-40,Working or studying in outdoor areas,Air purifier or new filters,Everything looks grey,"wear a mask, bring alcohol spray",I feel a little bit annoyed,"No, the smoke doesn't change how I socialize or talk to people.",Use fans and keep the window open.,Staying inside mostly.,I think we are short of breath.,"Yes, only when I feel bad or see dust.",Everyday,I wear it because I want to protect my health.,"No, I still feel it is a dangerous and unusual problem",I will stay here and just accept it as part of life.,"No, I don't feel it is necessary to wear a mask indoors","Smoke from old cars, trucks, and motorcycles",I just look at the sky or clouds with my own eyes,"No, I think it will stay the same or get worse."
R070,EN,English,Original,Maesot_and_Tak_Area_PM_2.5_response_English(1).csv,6/4/2026 9:31,"Allergic reactions (sneezing, itchy eyes), Feeling sick, tired, or dizzy overall",Over 40,"Working or studying in outdoor areas, Exercising or walking outside","Face masks, Indoor cleaning supplies, More electricity for fans or Air Conditioning (AC), Air purifier or new filters, Medicines for cough or allergies","More people are wearing masks, The air smells like like burning or woodsmoke, The mountains or far-away buildings are hard to see, Everything looks grey","wear a mask, bring alcohol spray",I feel very stressed and worried,"Yes, sometimes I talk less because I want to keep my mask on.",Stay in a room with AC turned on with all windows closed.,Same as usual,because they feel the risk is low in open-air environments.,"No, I wear one all the time to stay safe.",Everyday,I wear it because I want to protect my health.,"No, I still feel it is a dangerous and unusual problem","I want to leave, but I have no choice because of my work or school.","Yes, it is easier to talk and eat without it",Burning of agricultural fields and forests,Through a weather app or website (IQAir / AirVisual),"No, I think it will stay the same or get worse."
R071,EN,English,Original,Maesot_and_Tak_Area_PM_2.5_response_English(1).csv,6/4/2026 9:38,"Allergic reactions (sneezing, itchy eyes)",Over 40,Exercising or walking outside,Face masks,More people are wearing masks,"wear a mask, bring alcohol spray",I feel normal / calm,"No, the smoke doesn't change how I socialize or talk to people.",Stay in a room with AC turned on with all windows closed.,Staying inside mostly.,Because the weather is hot,"Yes, only when I feel bad or see dust.",Everyday,I wear it because I want to protect my health.,"Yes, it's just a normal part of every year now","I don't care about the smoke, I just focus on my daily life.",I only wear it if there are many people around,Burning of agricultural fields and forests,I just look at the sky or clouds with my own eyes,"Yes, I believe it will get better."
R072,EN,English,Original,Maesot_and_Tak_Area_PM_2.5_response_English(1).csv,6/4/2026 10:37,"Feeling sick, tired, or dizzy overall, Normal but atmosphere isn't clean",Under 18,"Playing sports outdoors (football, running, etc.), Working or studying in outdoor areas, Exercising or walking outside, Growing plants more than then",I didn't buy items because it didn't impact to me,"More people are wearing masks, The air smells like like burning or woodsmoke, The mountains or far-away buildings are hard to see, Everything looks grey","wear a mask, bring alcohol spray",I feel normal / calm,"No, the smoke doesn't change how I socialize or talk to people.",Stay in a room with AC turned on with all windows closed.,I like to go public area but I'm busy to go,Atmosphere level is dirty but don't impact to people for now,"Yes, only when I feel bad or see dust.",Only when it's bad,"I don't wear a mask, no one forces me to.","No, I still feel it is a dangerous and unusual problem","I don't care about the smoke, I just focus on my daily life.","Yes, I feel safe from the smoke inside","Burning of agricultural fields and forests, Smoke from old cars, trucks, and motorcycles, Burning trash or smoking cigarettes in public",Through a weather app or website (IQAir / AirVisual),"No, I think it will stay the same or get worse."
R073,EN,English,Original,Maesot_and_Tak_Area_PM_2.5_response_English(1).csv,6/4/2026 11:34,"Feeling sick, tired, or dizzy overall",Under 18,"Playing sports outdoors (football, running, etc.), Traveling or going on trips around Maesot, Exercising or walking outside","More electricity for fans or Air Conditioning (AC), Air purifier or new filters, Medicines for cough or allergies","More people are wearing masks, Fewer people are walking around or shopping, The mountains or far-away buildings are hard to see, Everything looks grey","wear a mask, bring alcohol spray, travel by a car",I feel very stressed and worried,"Yes, sometimes I talk less because I want to keep my mask on.",Stay in a room with AC turned on with all windows closed.,Staying inside mostly.,"Because masks can be annoying, and also not everyone wants to wear them because it might be uncomfortable","No, I rarely wear one anyway.",Few times a week,"I wear it sometimes, but take it off when I'm not at work.","Yes, it's just a normal part of every year now","I want to leave, but I have no choice because of my work or school.","No, I don't feel it is necessary to wear a mask indoors",Burning of agricultural fields and forests,Through a weather app or website (IQAir / AirVisual),"No, I think it will stay the same or get worse."
R074,EN,English,Original,Maesot_and_Tak_Area_PM_2.5_response_English(1).csv,6/4/2026 12:56,Breathing problems or respiratory issues,18-25,Working or studying in outdoor areas,Face masks,More people are wearing masks,"wear a mask, bring alcohol spray",I feel very stressed and worried,"Yes, sometimes I talk less because I want to keep my mask on.",Stay in a room with AC turned on with all windows closed.,Only for work or food.,They might feel annoying and uncomfortable.,"No, I wear one all the time to stay safe.",Everyday,I wear it because I want to protect my health.,I only notice it during the very hot months (Jan-May),I will stay here and just accept it as part of life.,"Yes, I feel safe from the smoke inside",Burning of agricultural fields and forests,Through a weather app or website (IQAir / AirVisual),"Yes, I believe it will get better."
R075,EN,English,Original,Maesot_and_Tak_Area_PM_2.5_response_English(1).csv,6/4/2026 15:07,Breathing problems or respiratory issues,26-40,"Exercising or walking outside, Running","Indoor cleaning supplies, Air purifier or new filters","More people are wearing masks, Fewer people are walking around or shopping, The air smells like like burning or woodsmoke, The mountains or far-away buildings are hard to see, Everything looks grey","wear a mask, bring alcohol spray",I feel a little bit annoyed,"No, the smoke doesn't change how I socialize or talk to people.",Stay in a room with AC turned on with all windows closed.,A little less than before.,"Habit, protect themselves from catching a virus","No, I rarely wear one anyway.",Only when it's bad,I wear it because I want to protect my health.,"Yes, it's just a normal part of every year now, No, I still feel it is a dangerous and unusual problem",I will stay here and just accept it as part of life.,"No, I don't feel it is necessary to wear a mask indoors","Burning of agricultural fields and forests, Smoke from old cars, trucks, and motorcycles, Smoke coming from across the border / areas",Through a weather app or website (IQAir / AirVisual),"Yes, I believe it will get better."
R076,EN,English,Original,Maesot_and_Tak_Area_PM_2.5_response_English(1).csv,7/4/2026 21:37,"Allergic reactions (sneezing, itchy eyes), Breathing problems or respiratory issues, Feeling sick, tired, or dizzy overall, Sleepy, Inactive and Drowsy",Over 40,Exercising or walking outside,"Face masks, More electricity for fans or Air Conditioning (AC)","More people are wearing masks, The mountains or far-away buildings are hard to see, Everything looks grey","wear a mask, bring alcohol spray",I feel very stressed and worried,"Yes, sometimes I talk less because I want to keep my mask on.",Stay in a room with AC turned on with all windows closed.,Staying inside mostly.,Only few people really care about smoke in the environment. Many people do not pay attention to bad air quality in surroundings.,"Yes, only when I feel bad or see dust.",Few times a week,I usually wear mask not only smoke but also protect my skin from direct sunlight.,I only notice it during the very hot months (Jan-May),"I want to leave, but I have no choice because of my work or school.","Yes, it is easier to talk and eat without it",Burning of agricultural fields and forests,Through a weather app or website (IQAir / AirVisual),"No, I think it will stay the same or get worse."
R077,EN,English,Original,Maesot_and_Tak_Area_PM_2.5_response_English(1).csv,7/4/2026 22:30,"Allergic reactions (sneezing, itchy eyes), Feeling sick, tired, or dizzy overall",Over 40,"Hanging out with friends at cafes or parks, Traveling or going on trips around Maesot, Working or studying in outdoor areas, Exercising or walking outside","Face masks, More electricity for fans or Air Conditioning (AC)","More people are wearing masks, The mountains or far-away buildings are hard to see, Everything looks grey","wear a mask, bring alcohol spray, travel by a car",I feel a little bit annoyed,"Yes, sometimes I talk less because I want to keep my mask on.",Stay in a room with AC turned on with all windows closed.,Only for work or food.,"In my opinion, many people do not wear masks outside due to discomfort, especially in hot weather, and a lack of awareness about the impact of air pollution on health.","No, I wear one all the time to stay safe.",Everyday,I wear it because I want to protect my health.,I only notice it during the very hot months (Jan-May),"I want to leave, but I have no choice because of my work or school.","Yes, it is easier to talk and eat without it",Burning of agricultural fields and forests,Through a weather app or website (IQAir / AirVisual),It will improve if consistent efforts are made by both the government and the community.
R078,TH,Thai,Dummy,Dummy generated from Thai response pattern,10/5/2026 14:06,มีปัญหาทางด้านการหายใจหรือระบบทางเดินหายใจ,ต่ำกว่า 18 ปี,"การไปนั่งเล่นกับเพื่อนตามคาเฟ่หรือสวนสาธารณะ, การเดินทางหรือไปเที่ยวรอบๆ พื้นที่แม่สอด, การทำงานหรือนั่งเรียนในพื้นที่เปิดโล่ง (Outdoor), การออกกำลังกายหรือเดินเล่นนอกบ้าน","หน้ากากอนามัย, เครื่องฟอกอากาศหรือแผ่นกรองอากาศใหม่","คนออกมาเดินเล่นหรือซื้อของน้อยลง, อากาศมีกลิ่นเหมือนการเผาไหม้หรือกลิ่นควันไม้",สวมหน้ากากอนามัย และพกสเปรย์แอลกอฮอล์,ฉันรู้สึกรำคาญใจเล็กน้อย,ไม่ หมอกควันไม่ได้ทำให้วิธีการเข้าสังคมหรือการพูดคุยกับผู้คนของฉันเปลี่ยนไป,เปิดหน้าต่างและประตูทุกบานเพื่อให้ระบายอากาศ,น้อยลงกว่าเดิมเล็กน้อย,_,ใช่ เฉพาะตอนที่ฉันเริ่มรู้สึกไม่ดีหรือเห็นฝุ่นเท่านั้น,ทุกวัน,ฉันสวมบ้างเป็นบางครั้ง แต่จะถอดออกเมื่อไม่ได้อยู่ที่ทำงาน,ใช่ มันกลายเป็นเรื่องปกติของทุกปีไปแล้ว,ฉันอยากย้ายออกไป แต่ไม่มีทางเลือกเพราะเรื่องงานหรือเรื่องเรียน,ใช่ เพราะทำให้คุยกันและกินอาหารได้สะดวกกว่า,"การเผาพื้นที่เกษตรกรรมและไฟป่า, ควันจากรถยนต์เก่า รถบรรทุก และรถจักรยานยนต์, การเผาขยะ หรือการสูบบุหรี่ในที่สาธารณะ",ไม่ได้ตรวจสอบ จะรู้ก็ต่อเมื่อเริ่มรู้สึกไม่สบายหรือป่วยเท่านั้น,ไม่ ฉันคิดว่ามันจะเหมือนเดิมหรือแย่ลงกว่าเดิม
R079,TH,Thai,Dummy,Dummy generated from Thai response pattern,20/05/2026 21:40:21,มีปัญหาทางด้านการหายใจหรือระบบทางเดินหายใจ,ต่ำกว่า 18 ปี,"การเล่นกีฬา(ฟุตบอล, วิ่ง และอื่นๆ), การไปนั่งเล่นกับเพื่อนตามคาเฟ่หรือสวนสาธารณะ, การเดินทางหรือไปเที่ยวรอบๆ พื้นที่แม่สอด, การทำงานหรือนั่งเรียนในพื้นที่เปิดโล่ง (Outdoor), การออกกำลังกายหรือเดินเล่นนอกบ้าน",ยาแก้ไอหรือยาแก้แพ้,"อากาศมีกลิ่นเหมือนการเผาไหม้หรือกลิ่นควันไม้, มองเห็นภูเขาหรือตึกที่อยู่ไกลออกไปได้ยาก","สวมหน้ากากอนามัย และพกสเปรย์แอลกอฮอล์, เดินทางโดยรถยนต์ (ปิดกระจก)",ฉันรู้สึกเครียดและกังวลมาก,ใช่ บางครั้งฉันพูดน้อยลงเพราะต้องการใส่หน้ากากอนามัยไว้ตลอดเวลา,อยู่ในห้องที่เปิดเครื่องปรับอากาศ (แอร์) และปิดหน้าต่างทุกบาน,น้อยลงกว่าเดิมเล็กน้อย,-,ไม่ ปกติฉันก็แทบจะไม่ใส่หน้ากากอยู่แล้ว,2-3 ครั้งต่อสัปดาห์,ฉันสวมบ้างเป็นบางครั้ง แต่จะถอดออกเมื่อไม่ได้อยู่ที่ทำงาน,ไม่ ฉันยังรู้สึกว่ามันเป็นปัญหาที่อันตรายและไม่ควรเป็นเรื่องปกติ,ฉันคิดว่าพื้นที่นี้ยังคงดีกว่าจังหวัดอื่นๆ,ใช่ ฉันรู้สึกปลอดภัยจากหมอกควันเมื่ออยู่ข้างใน,การเผาพื้นที่เกษตรกรรมและไฟป่า,ตรวจสอบผ่านแอปพลิเคชันพยากรณ์อากาศหรือเว็บไซต์ (เช่น IQAir / AirVisual),ไม่ ฉันคิดว่ามันจะเหมือนเดิมหรือแย่ลงกว่าเดิม
R080,TH,Thai,Dummy,Dummy generated from Thai response pattern,18/05/2026 08:36:52,"มีอาการแพ้ (จาม, แสบตา/คันตา), รู้สึกป่วย, เหนื่อยล้า หรือเวียนหัว",ต่ำกว่า 18 ปี,"การเล่นกีฬา(ฟุตบอล, วิ่ง และอื่นๆ)","หน้ากากอนามัย, ยาหยอดตาหรือสเปรย์ฉีดจมูก, ยาแก้ไอหรือยาแก้แพ้","ผู้คนสวมหน้ากากอนามัยกันมากขึ้น, คนออกมาเดินเล่นหรือซื้อของน้อยลง",สวมหน้ากากอนามัย และพกสเปรย์แอลกอฮอล์,ฉันรู้สึกเครียดและกังวลมาก,ใช่ บางครั้งฉันพูดน้อยลงเพราะต้องการใส่หน้ากากอนามัยไว้ตลอดเวลา,อยู่ในห้องที่เปิดเครื่องปรับอากาศ (แอร์) และปิดหน้าต่างทุกบาน,น้อยลงกว่าเดิมเล็กน้อย,อากาศร้อนเลยรู้สึกอึดอัด,ใช่ เฉพาะตอนที่ฉันเริ่มรู้สึกไม่ดีหรือเห็นฝุ่นเท่านั้น,ทุกวัน,ฉันสวมเพราะต้องการดูแลและป้องกันสุขภาพของตัวเอง,"ใช่ มันกลายเป็นเรื่องปกติของทุกปีไปแล้ว, ฉันจะสังเกตเห็นเฉพาะช่วงเดือนที่ร้อนมากๆ เท่านั้น (ม.ค. - พ.ค.), ฉันพยายามที่จะไม่คิดถึงเรื่องนี้เลย",ฉันจะอยู่ที่นี่ต่อไปและยอมรับว่ามันเป็นส่วนหนึ่งของชีวิต,ใช่ ฉันรู้สึกปลอดภัยจากหมอกควันเมื่ออยู่ข้างใน,"การเผาพื้นที่เกษตรกรรมและไฟป่า, การเผาขยะ หรือการสูบบุหรี่ในที่สาธารณะ",ตรวจสอบผ่านแอปพลิเคชันพยากรณ์อากาศหรือเว็บไซต์ (เช่น IQAir / AirVisual),ใช่ ฉันเชื่อว่ามันจะดีขึ้น
R081,TH,Thai,Dummy,Dummy generated from Thai response pattern,24/05/2026 13:45:58,"มีอาการแพ้ (จาม, แสบตา/คันตา)",ต่ำกว่า 18 ปี,การออกกำลังกายหรือเดินเล่นนอกบ้าน,"เครื่องฟอกอากาศหรือแผ่นกรองอากาศใหม่, ยาแก้ไอหรือยาแก้แพ้",ผู้คนสวมหน้ากากอนามัยกันมากขึ้น,สวมหน้ากากอนามัย และพกสเปรย์แอลกอฮอล์,ฉันรู้สึกปกติ / สงบ,ไม่ หมอกควันไม่ได้ทำให้วิธีการเข้าสังคมหรือการพูดคุยกับผู้คนของฉันเปลี่ยนไป,เปิดหน้าต่างและประตูทุกบานเพื่อให้ระบายอากาศ,น้อยลงกว่าเดิมเล็กน้อย,ไม่ใส่ใจ,ไม่ ปกติฉันก็แทบจะไม่ใส่หน้ากากอยู่แล้ว,2-3 ครั้งต่อสัปดาห์,ฉันสวมบ้างเป็นบางครั้ง แต่จะถอดออกเมื่อไม่ได้อยู่ที่ทำงาน,ใช่ มันกลายเป็นเรื่องปกติของทุกปีไปแล้ว,ฉันจะอยู่ที่นี่ต่อไปและยอมรับว่ามันเป็นส่วนหนึ่งของชีวิต,ใช่ ฉันรู้สึกปลอดภัยจากหมอกควันเมื่ออยู่ข้างใน,การเผาพื้นที่เกษตรกรรมและไฟป่า,สังเกตจากท้องฟ้าหรือกลุ่มก้อนเมฆด้วยตาเปล่า,ใช่ ฉันเชื่อว่ามันจะดีขึ้น
R082,TH,Thai,Dummy,Dummy generated from Thai response pattern,2/5/2026 1:11,มีปัญหาทางด้านการหายใจหรือระบบทางเดินหายใจ,ต่ำกว่า 18 ปี,การออกกำลังกายหรือเดินเล่นนอกบ้าน,"หน้ากากอนามัย, ใช้ไฟฟ้ามากขึ้นสำหรับพัดลมหรือเครื่องปรับอากาศ (แอร์)","อากาศมีกลิ่นเหมือนการเผาไหม้หรือกลิ่นควันไม้, มองเห็นภูเขาหรือตึกที่อยู่ไกลออกไปได้ยาก, ทุกอย่างดูเป็นสีเทาไปหมด",สวมหน้ากากอนามัย และพกสเปรย์แอลกอฮอล์,ฉันรู้สึกรำคาญใจเล็กน้อย,ไม่ หมอกควันไม่ได้ทำให้วิธีการเข้าสังคมหรือการพูดคุยกับผู้คนของฉันเปลี่ยนไป,"เปิดหน้าต่างและประตูทุกบานเพื่อให้ระบายอากาศ, ใช้พัดลมและเปิดหน้าต่างทิ้งไว้",ส่วนใหญ่จะอยู่แต่ภายในอาคาร,อาจจะเพราะไม่ได้รู้สึกว่าฝุ่นอันตรายขนาดนั้น,ไม่ ฉันใส่หน้ากากตลอดเวลาเพื่อความปลอดภัย,ทุกวัน,ฉันสวมเฉพาะเมื่อที่ทำงาน โรงเรียน หรือร้านค้าบังคับให้ใส่เท่านั้น,ไม่ ฉันยังรู้สึกว่ามันเป็นปัญหาที่อันตรายและไม่ควรเป็นเรื่องปกติ,ปรับตัวเลือกสวมหน้ากากเพื่อความปลอดภัย,ใช่ ฉันรู้สึกปลอดภัยจากหมอกควันเมื่ออยู่ข้างใน,การเผาขยะ หรือการสูบบุหรี่ในที่สาธารณะ,ไม่ได้ตรวจสอบ จะรู้ก็ต่อเมื่อเริ่มรู้สึกไม่สบายหรือป่วยเท่านั้น,ใช่ ฉันเชื่อว่ามันจะดีขึ้น
R083,TH,Thai,Dummy,Dummy generated from Thai response pattern,22/05/2026 16:40:47,"รู้สึกป่วย, เหนื่อยล้า หรือเวียนหัว",18-25 ปี,การออกกำลังกายหรือเดินเล่นนอกบ้าน,"หน้ากากอนามัย, อุปกรณ์ทำความสะอาดภายในบ้าน, เครื่องฟอกอากาศหรือแผ่นกรองอากาศใหม่","อากาศมีกลิ่นเหมือนการเผาไหม้หรือกลิ่นควันไม้, มองเห็นภูเขาหรือตึกที่อยู่ไกลออกไปได้ยาก, ทุกอย่างดูเป็นสีเทาไปหมด","สวมหน้ากากอนามัย และพกสเปรย์แอลกอฮอล์, เดินทางโดยรถยนต์ (ปิดกระจก)",ฉันรู้สึกรำคาญใจเล็กน้อย,ไม่ หมอกควันไม่ได้ทำให้วิธีการเข้าสังคมหรือการพูดคุยกับผู้คนของฉันเปลี่ยนไป,เปิดหน้าต่างและประตูทุกบานเพื่อให้ระบายอากาศ,ใช้เวลาเท่าเดิมตามปกติ,ไม่ตระหนักทุกปัญหามากเท่าที่ควร,ไม่ ปกติฉันก็แทบจะไม่ใส่หน้ากากอยู่แล้ว,2-3 ครั้งต่อสัปดาห์,ฉันไม่สวมหน้ากากเลย เพราะไม่มีใครบังคับ,ไม่ ฉันยังรู้สึกว่ามันเป็นปัญหาที่อันตรายและไม่ควรเป็นเรื่องปกติ,ฉันคิดว่าพื้นที่นี้ยังคงดีกว่าจังหวัดอื่นๆ,ใช่ เพราะทำให้คุยกันและกินอาหารได้สะดวกกว่า,การเผาพื้นที่เกษตรกรรมและไฟป่า,ตรวจสอบผ่านแอปพลิเคชันพยากรณ์อากาศหรือเว็บไซต์ (เช่น IQAir / AirVisual),ใช่ ฉันเชื่อว่ามันจะดีขึ้น
R084,TH,Thai,Dummy,Dummy generated from Thai response pattern,5/5/2026 16:36,มีปัญหาทางด้านการหายใจหรือระบบทางเดินหายใจ,ต่ำกว่า 18 ปี,"การเล่นกีฬา(ฟุตบอล, วิ่ง และอื่นๆ), การทำงานหรือนั่งเรียนในพื้นที่เปิดโล่ง (Outdoor)",ใช้ไฟฟ้ามากขึ้นสำหรับพัดลมหรือเครื่องปรับอากาศ (แอร์),"ผู้คนสวมหน้ากากอนามัยกันมากขึ้น, อากาศมีกลิ่นเหมือนการเผาไหม้หรือกลิ่นควันไม้, มองเห็นภูเขาหรือตึกที่อยู่ไกลออกไปได้ยาก, ทุกอย่างดูเป็นสีเทาไปหมด","สวมหน้ากากอนามัย และพกสเปรย์แอลกอฮอล์, เดินทางโดยรถยนต์ (ปิดกระจก)",ฉันรู้สึกปกติ / สงบ,ไม่ หมอกควันไม่ได้ทำให้วิธีการเข้าสังคมหรือการพูดคุยกับผู้คนของฉันเปลี่ยนไป,อยู่ในห้องที่เปิดเครื่องปรับอากาศ (แอร์) และปิดหน้าต่างทุกบาน,น้อยลงกว่าเดิมเล็กน้อย,อึดอัด,ไม่ ปกติฉันก็แทบจะไม่ใส่หน้ากากอยู่แล้ว,ไม่เคยเลย,ฉันสวมเพราะต้องการดูแลและป้องกันสุขภาพของตัวเอง,ใช่ มันกลายเป็นเรื่องปกติของทุกปีไปแล้ว,ฉันไม่ได้สนใจเรื่องหมอกควัน ฉันแค่โฟกัสกับการใช้ชีวิตประจำวันของตัวเอง,ใช่ ฉันรู้สึกปลอดภัยจากหมอกควันเมื่ออยู่ข้างใน,"การเผาพื้นที่เกษตรกรรมและไฟป่า, ควันจากรถยนต์เก่า รถบรรทุก และรถจักรยานยนต์, การเผาขยะ หรือการสูบบุหรี่ในที่สาธารณะ",ไม่ได้ตรวจสอบ จะรู้ก็ต่อเมื่อเริ่มรู้สึกไม่สบายหรือป่วยเท่านั้น,ใช่ ฉันเชื่อว่ามันจะดีขึ้น
R085,TH,Thai,Dummy,Dummy generated from Thai response pattern,24/05/2026 07:30:05,"มีอาการแพ้ (จาม, แสบตา/คันตา), มีปัญหาทางด้านการหายใจหรือระบบทางเดินหายใจ",ต่ำกว่า 18 ปี,การเดินทางหรือไปเที่ยวรอบๆ พื้นที่แม่สอด,"หน้ากากอนามัย, อุปกรณ์ทำความสะอาดภายในบ้าน, ยาหยอดตาหรือสเปรย์ฉีดจมูก","อากาศมีกลิ่นเหมือนการเผาไหม้หรือกลิ่นควันไม้, มองเห็นภูเขาหรือตึกที่อยู่ไกลออกไปได้ยาก, ทุกอย่างดูเป็นสีเทาไปหมด",สวมหน้ากากอนามัย และพกสเปรย์แอลกอฮอล์,ฉันรู้สึกรำคาญใจเล็กน้อย,ใช่ บางครั้งฉันพูดน้อยลงเพราะต้องการใส่หน้ากากอนามัยไว้ตลอดเวลา,เปิดหน้าต่างและประตูทุกบานเพื่อให้ระบายอากาศ,ออกไปเฉพาะเวลาทำงานหรือไปหาอาหารเท่านั้น,ไม่ทราบ,ใช่ เฉพาะตอนที่ฉันเริ่มรู้สึกไม่ดีหรือเห็นฝุ่นเท่านั้น,ทุกวัน,ฉันสวมเพราะต้องการดูแลและป้องกันสุขภาพของตัวเอง,ไม่ ฉันยังรู้สึกว่ามันเป็นปัญหาที่อันตรายและไม่ควรเป็นเรื่องปกติ,ฉันอยากย้ายออกไป แต่ไม่มีทางเลือกเพราะเรื่องงานหรือเรื่องเรียน,ใช่ เพราะทำให้คุยกันและกินอาหารได้สะดวกกว่า,การเผาพื้นที่เกษตรกรรมและไฟป่า,ไม่ได้ตรวจสอบ จะรู้ก็ต่อเมื่อเริ่มรู้สึกไม่สบายหรือป่วยเท่านั้น,ไม่ ฉันคิดว่ามันจะเหมือนเดิมหรือแย่ลงกว่าเดิม
R086,TH,Thai,Dummy,Dummy generated from Thai response pattern,15/05/2026 23:07:42,มีปัญหาทางด้านการหายใจหรือระบบทางเดินหายใจ,ต่ำกว่า 18 ปี,"การเล่นกีฬา(ฟุตบอล, วิ่ง และอื่นๆ), การออกกำลังกายหรือเดินเล่นนอกบ้าน","หน้ากากอนามัย, อุปกรณ์ทำความสะอาดภายในบ้าน, ใช้ไฟฟ้ามากขึ้นสำหรับพัดลมหรือเครื่องปรับอากาศ (แอร์), เครื่องฟอกอากาศหรือแผ่นกรองอากาศใหม่","คนออกมาเดินเล่นหรือซื้อของน้อยลง, อากาศมีกลิ่นเหมือนการเผาไหม้หรือกลิ่นควันไม้, มองเห็นภูเขาหรือตึกที่อยู่ไกลออกไปได้ยาก",สวมหน้ากากอนามัย และพกสเปรย์แอลกอฮอล์,ฉันรู้สึกรำคาญใจเล็กน้อย,ใช่ บางครั้งฉันพูดน้อยลงเพราะต้องการใส่หน้ากากอนามัยไว้ตลอดเวลา,ใช้พัดลมและเปิดหน้าต่างทิ้งไว้,ใช้เวลาเท่าเดิมตามปกติ,เนื่องจากหายใจไม่ค่อยสะดวก อาจรู้สึกอึดอัดด้วย และเนื่องด้วยอากาศร้อนจริงอาจทำให้เหงื่อไหลได้และร้อนง่าย,ใช่ เฉพาะตอนที่ฉันเริ่มรู้สึกไม่ดีหรือเห็นฝุ่นเท่านั้น,ทุกวัน,ฉันสวมบ้างเป็นบางครั้ง แต่จะถอดออกเมื่อไม่ได้อยู่ที่ทำงาน,ไม่ ฉันยังรู้สึกว่ามันเป็นปัญหาที่อันตรายและไม่ควรเป็นเรื่องปกติ,ฉันอยากย้ายออกไป แต่ไม่มีทางเลือกเพราะเรื่องงานหรือเรื่องเรียน,ฉันจะสวมหน้ากากก็ต่อเมื่อมีคนอยู่รอบๆจำนวนมากเท่านั้น,"การเผาพื้นที่เกษตรกรรมและไฟป่า, ควันจากรถยนต์เก่า รถบรรทุก และรถจักรยานยนต์, การเผาขยะ หรือการสูบบุหรี่ในที่สาธารณะ",สังเกตจากท้องฟ้าหรือกลุ่มก้อนเมฆด้วยตาเปล่า,ไม่ ฉันคิดว่ามันจะเหมือนเดิมหรือแย่ลงกว่าเดิม
R087,TH,Thai,Dummy,Dummy generated from Thai response pattern,3/5/2026 15:03,"มีอาการแพ้ (จาม, แสบตา/คันตา), รู้สึกป่วย, เหนื่อยล้า หรือเวียนหัว",ต่ำกว่า 18 ปี,"การเล่นกีฬา(ฟุตบอล, วิ่ง และอื่นๆ)","หน้ากากอนามัย, เครื่องฟอกอากาศหรือแผ่นกรองอากาศใหม่, ยาแก้ไอหรือยาแก้แพ้","ผู้คนสวมหน้ากากอนามัยกันมากขึ้น, คนออกมาเดินเล่นหรือซื้อของน้อยลง, อากาศมีกลิ่นเหมือนการเผาไหม้หรือกลิ่นควันไม้, มองเห็นภูเขาหรือตึกที่อยู่ไกลออกไปได้ยาก, ทุกอย่างดูเป็นสีเทาไปหมด",สวมหน้ากากอนามัย และพกสเปรย์แอลกอฮอล์,ฉันรู้สึกรำคาญใจเล็กน้อย,ใช่ บางครั้งฉันพูดน้อยลงเพราะต้องการใส่หน้ากากอนามัยไว้ตลอดเวลา,ใช้พัดลมและเปิดหน้าต่างทิ้งไว้,น้อยลงกว่าเดิมเล็กน้อย,คิดว่าหน้ากากอนามัยไม่จำเป็น,ใช่ เฉพาะตอนที่ฉันเริ่มรู้สึกไม่ดีหรือเห็นฝุ่นเท่านั้น,2-3 ครั้งต่อสัปดาห์,ฉันสวมเพราะต้องการดูแลและป้องกันสุขภาพของตัวเอง,ใช่ มันกลายเป็นเรื่องปกติของทุกปีไปแล้ว,ฉันไม่ได้สนใจเรื่องหมอกควัน ฉันแค่โฟกัสกับการใช้ชีวิตประจำวันของตัวเอง,ใช่ ฉันรู้สึกปลอดภัยจากหมอกควันเมื่ออยู่ข้างใน,ไม่ทราบ,สังเกตจากท้องฟ้าหรือกลุ่มก้อนเมฆด้วยตาเปล่า,ไม่ ฉันคิดว่ามันจะเหมือนเดิมหรือแย่ลงกว่าเดิม
R088,TH,Thai,Dummy,Dummy generated from Thai response pattern,6/5/2026 7:46,"รู้สึกป่วย, เหนื่อยล้า หรือเวียนหัว",ต่ำกว่า 18 ปี,"การเล่นกีฬา(ฟุตบอล, วิ่ง และอื่นๆ), การไปนั่งเล่นกับเพื่อนตามคาเฟ่หรือสวนสาธารณะ, การเดินทางหรือไปเที่ยวรอบๆ พื้นที่แม่สอด, การทำงานหรือนั่งเรียนในพื้นที่เปิดโล่ง (Outdoor), การออกกำลังกายหรือเดินเล่นนอกบ้าน","หน้ากากอนามัย, อุปกรณ์ทำความสะอาดภายในบ้าน, ยาแก้ไอหรือยาแก้แพ้",ไม่มีการเปลี่ยนแปลงใดๆ,สวมหน้ากากอนามัย และพกสเปรย์แอลกอฮอล์,ฉันรู้สึกรำคาญใจเล็กน้อย,ใช่ บางครั้งฉันพูดน้อยลงเพราะต้องการใส่หน้ากากอนามัยไว้ตลอดเวลา,อยู่ในห้องที่เปิดเครื่องปรับอากาศ (แอร์) และปิดหน้าต่างทุกบาน,ส่วนใหญ่จะอยู่แต่ภายในอาคาร,แล้วแต่ความคิดแต่ละคน,ใช่ เฉพาะตอนที่ฉันเริ่มรู้สึกไม่ดีหรือเห็นฝุ่นเท่านั้น,ไม่เคยเลย,ฉันสวมเพราะต้องการดูแลและป้องกันสุขภาพของตัวเอง,ใช่ มันกลายเป็นเรื่องปกติของทุกปีไปแล้ว,ฉันอยากย้ายออกไป แต่ไม่มีทางเลือกเพราะเรื่องงานหรือเรื่องเรียน,ไม่ ฉันคิดว่าไม่จำเป็นต้องสวมหน้ากากเมื่ออยู่ในอาคารอยู่แล้ว,"การเผาพื้นที่เกษตรกรรมและไฟป่า, การเผาขยะ หรือการสูบบุหรี่ในที่สาธารณะ",ไม่ได้ตรวจสอบ จะรู้ก็ต่อเมื่อเริ่มรู้สึกไม่สบายหรือป่วยเท่านั้น,ไม่ ฉันคิดว่ามันจะเหมือนเดิมหรือแย่ลงกว่าเดิม
R089,TH,Thai,Dummy,Dummy generated from Thai response pattern,6/5/2026 5:18,"มีอาการแพ้ (จาม, แสบตา/คันตา)",ต่ำกว่า 18 ปี,"การเล่นกีฬา(ฟุตบอล, วิ่ง และอื่นๆ)","เครื่องฟอกอากาศหรือแผ่นกรองอากาศใหม่, ยาแก้ไอหรือยาแก้แพ้",อากาศมีกลิ่นเหมือนการเผาไหม้หรือกลิ่นควันไม้,สวมหน้ากากอนามัย และพกสเปรย์แอลกอฮอล์,ฉันรู้สึกรำคาญใจเล็กน้อย,ไม่ หมอกควันไม่ได้ทำให้วิธีการเข้าสังคมหรือการพูดคุยกับผู้คนของฉันเปลี่ยนไป,อยู่ในห้องที่เปิดเครื่องปรับอากาศ (แอร์) และปิดหน้าต่างทุกบาน,ออกไปเฉพาะเวลาทำงานหรือไปหาอาหารเท่านั้น,เพราะร้อนและหายใจลำบาก,ใช่ เฉพาะตอนที่ฉันเริ่มรู้สึกไม่ดีหรือเห็นฝุ่นเท่านั้น,ทุกวัน,ฉันสวมเพราะต้องการดูแลและป้องกันสุขภาพของตัวเอง,ไม่ ฉันยังรู้สึกว่ามันเป็นปัญหาที่อันตรายและไม่ควรเป็นเรื่องปกติ,ฉันไม่ได้สนใจเรื่องหมอกควัน ฉันแค่โฟกัสกับการใช้ชีวิตประจำวันของตัวเอง,ฉันจะสวมหน้ากากก็ต่อเมื่อมีคนอยู่รอบๆจำนวนมากเท่านั้น,การเผาขยะ หรือการสูบบุหรี่ในที่สาธารณะ,ไม่ได้ตรวจสอบ จะรู้ก็ต่อเมื่อเริ่มรู้สึกไม่สบายหรือป่วยเท่านั้น,ไม่ ฉันคิดว่ามันจะเหมือนเดิมหรือแย่ลงกว่าเดิม
R090,TH,Thai,Dummy,Dummy generated from Thai response pattern,20/05/2026 23:26:50,"มีอาการแพ้ (จาม, แสบตา/คันตา)",18-25 ปี,การออกกำลังกายหรือเดินเล่นนอกบ้าน,"หน้ากากอนามัย, ใช้ไฟฟ้ามากขึ้นสำหรับพัดลมหรือเครื่องปรับอากาศ (แอร์)","ผู้คนสวมหน้ากากอนามัยกันมากขึ้น, อากาศมีกลิ่นเหมือนการเผาไหม้หรือกลิ่นควันไม้, มองเห็นภูเขาหรือตึกที่อยู่ไกลออกไปได้ยาก, ทุกอย่างดูเป็นสีเทาไปหมด",สวมหน้ากากอนามัย และพกสเปรย์แอลกอฮอล์,ฉันรู้สึกรำคาญใจเล็กน้อย,ใช่ บางครั้งฉันพูดน้อยลงเพราะต้องการใส่หน้ากากอนามัยไว้ตลอดเวลา,อยู่ในห้องที่เปิดเครื่องปรับอากาศ (แอร์) และปิดหน้าต่างทุกบาน,น้อยลงกว่าเดิมเล็กน้อย,ขี้เกียจ,ใช่ เฉพาะตอนที่ฉันเริ่มรู้สึกไม่ดีหรือเห็นฝุ่นเท่านั้น,เฉพาะช่วงที่อากาศแย่มากๆ,ฉันสวมบ้างเป็นบางครั้ง แต่จะถอดออกเมื่อไม่ได้อยู่ที่ทำงาน,ไม่ ฉันยังรู้สึกว่ามันเป็นปัญหาที่อันตรายและไม่ควรเป็นเรื่องปกติ,ฉันจะอยู่ที่นี่ต่อไปและยอมรับว่ามันเป็นส่วนหนึ่งของชีวิต,ใช่ ฉันรู้สึกปลอดภัยจากหมอกควันเมื่ออยู่ข้างใน,"การเผาพื้นที่เกษตรกรรมและไฟป่า, ควันจากรถยนต์เก่า รถบรรทุก และรถจักรยานยนต์, การเผาขยะ หรือการสูบบุหรี่ในที่สาธารณะ",สังเกตจากท้องฟ้าหรือกลุ่มก้อนเมฆด้วยตาเปล่า,ไม่ ฉันคิดว่ามันจะเหมือนเดิมหรือแย่ลงกว่าเดิม
R091,TH,Thai,Dummy,Dummy generated from Thai response pattern,22/05/2026 20:14:25,"มีอาการแพ้ (จาม, แสบตา/คันตา)",18-25 ปี,การออกกำลังกายหรือเดินเล่นนอกบ้าน,"หน้ากากอนามัย, ยาหยอดตาหรือสเปรย์ฉีดจมูก","ผู้คนสวมหน้ากากอนามัยกันมากขึ้น, คนออกมาเดินเล่นหรือซื้อของน้อยลง, ทุกอย่างดูเป็นสีเทาไปหมด","สวมหน้ากากอนามัย และพกสเปรย์แอลกอฮอล์, เดินทางโดยรถยนต์ (ปิดกระจก)",ฉันรู้สึกปกติ / สงบ,ใช่ บางครั้งฉันพูดน้อยลงเพราะต้องการใส่หน้ากากอนามัยไว้ตลอดเวลา,เปิดหน้าต่างและประตูทุกบานเพื่อให้ระบายอากาศ,ใช้เวลาเท่าเดิมตามปกติ,อากาศร้อนใส่หน้ากากแล้วหายใจลำบาก,ไม่ ฉันใส่หน้ากากตลอดเวลาเพื่อความปลอดภัย,ทุกวัน,ฉันสวมเพราะต้องการดูแลและป้องกันสุขภาพของตัวเอง,ไม่ ฉันยังรู้สึกว่ามันเป็นปัญหาที่อันตรายและไม่ควรเป็นเรื่องปกติ,ฉันอยากย้ายออกไป แต่ไม่มีทางเลือกเพราะเรื่องงานหรือเรื่องเรียน,ใช่ ฉันรู้สึกปลอดภัยจากหมอกควันเมื่ออยู่ข้างใน,"การเผาพื้นที่เกษตรกรรมและไฟป่า, ควันจากรถยนต์เก่า รถบรรทุก และรถจักรยานยนต์, การเผาขยะ หรือการสูบบุหรี่ในที่สาธารณะ",ไม่ได้ตรวจสอบ จะรู้ก็ต่อเมื่อเริ่มรู้สึกไม่สบายหรือป่วยเท่านั้น,ไม่ ฉันคิดว่ามันจะเหมือนเดิมหรือแย่ลงกว่าเดิม
R092,TH,Thai,Dummy,Dummy generated from Thai response pattern,7/5/2026 0:56,มีปัญหาทางด้านการหายใจหรือระบบทางเดินหายใจ,ต่ำกว่า 18 ปี,การออกกำลังกายหรือเดินเล่นนอกบ้าน,"หน้ากากอนามัย, อุปกรณ์ทำความสะอาดภายในบ้าน, เครื่องฟอกอากาศหรือแผ่นกรองอากาศใหม่","อากาศมีกลิ่นเหมือนการเผาไหม้หรือกลิ่นควันไม้, ทุกอย่างดูเป็นสีเทาไปหมด",เดินทางโดยรถยนต์ (ปิดกระจก),ฉันรู้สึกปกติ / สงบ,ไม่ หมอกควันไม่ได้ทำให้วิธีการเข้าสังคมหรือการพูดคุยกับผู้คนของฉันเปลี่ยนไป,อยู่ในห้องที่เปิดเครื่องปรับอากาศ (แอร์) และปิดหน้าต่างทุกบาน,น้อยลงกว่าเดิมเล็กน้อย,อาจจะเพราะไม่ได้รู้สึกว่าฝุ่นอันตรายขนาดนั้น,ไม่ ปกติฉันก็แทบจะไม่ใส่หน้ากากอยู่แล้ว,ทำความสะอาดบ้านทุกวันอยู่แล้ว,ฉันสวมเพราะต้องการดูแลและป้องกันสุขภาพของตัวเอง,ใช่ มันกลายเป็นเรื่องปกติของทุกปีไปแล้ว,ฉันอยากย้ายออกไป แต่ไม่มีทางเลือกเพราะเรื่องงานหรือเรื่องเรียน,ใช่ ฉันรู้สึกปลอดภัยจากหมอกควันเมื่ออยู่ข้างใน,ควันจากรถยนต์เก่า รถบรรทุก และรถจักรยานยนต์,ติดตามผ่านโซเชียลมีเดีย (เช่น กลุ่ม Facebook หรือ Line),ไม่ ฉันคิดว่ามันจะเหมือนเดิมหรือแย่ลงกว่าเดิม
R093,TH,Thai,Dummy,Dummy generated from Thai response pattern,2/5/2026 16:04,มีปัญหาทางด้านการหายใจหรือระบบทางเดินหายใจ,ต่ำกว่า 18 ปี,"การไปนั่งเล่นกับเพื่อนตามคาเฟ่หรือสวนสาธารณะ, การออกกำลังกายหรือเดินเล่นนอกบ้าน","หน้ากากอนามัย, ยาหยอดตาหรือสเปรย์ฉีดจมูก","อากาศมีกลิ่นเหมือนการเผาไหม้หรือกลิ่นควันไม้, มองเห็นภูเขาหรือตึกที่อยู่ไกลออกไปได้ยาก, ทุกอย่างดูเป็นสีเทาไปหมด",สวมหน้ากากอนามัย และพกสเปรย์แอลกอฮอล์,ฉันรู้สึกรำคาญใจเล็กน้อย,ใช่ บางครั้งฉันพูดน้อยลงเพราะต้องการใส่หน้ากากอนามัยไว้ตลอดเวลา,เปิดหน้าต่างและประตูทุกบานเพื่อให้ระบายอากาศ,ส่วนใหญ่จะอยู่แต่ภายในอาคาร,อาจเป็นความเคยชิน,ใช่ เฉพาะตอนที่ฉันเริ่มรู้สึกไม่ดีหรือเห็นฝุ่นเท่านั้น,2-3 ครั้งต่อสัปดาห์,ฉันสวมเฉพาะเมื่อที่ทำงาน โรงเรียน หรือร้านค้าบังคับให้ใส่เท่านั้น,ไม่ ฉันยังรู้สึกว่ามันเป็นปัญหาที่อันตรายและไม่ควรเป็นเรื่องปกติ,ฉันอยากย้ายออกไป แต่ไม่มีทางเลือกเพราะเรื่องงานหรือเรื่องเรียน,ใช่ เพราะทำให้คุยกันและกินอาหารได้สะดวกกว่า,"การเผาพื้นที่เกษตรกรรมและไฟป่า, ควันจากรถยนต์เก่า รถบรรทุก และรถจักรยานยนต์, การเผาขยะ หรือการสูบบุหรี่ในที่สาธารณะ",ตรวจสอบผ่านแอปพลิเคชันพยากรณ์อากาศหรือเว็บไซต์ (เช่น IQAir / AirVisual),ไม่ ฉันคิดว่ามันจะเหมือนเดิมหรือแย่ลงกว่าเดิม
R094,TH,Thai,Dummy,Dummy generated from Thai response pattern,2/5/2026 1:40,"รู้สึกป่วย, เหนื่อยล้า หรือเวียนหัว",ต่ำกว่า 18 ปี,"การเล่นกีฬา(ฟุตบอล, วิ่ง และอื่นๆ), การทำงานหรือนั่งเรียนในพื้นที่เปิดโล่ง (Outdoor), การออกกำลังกายหรือเดินเล่นนอกบ้าน",หน้ากากอนามัย,ไม่มีการเปลี่ยนแปลงใดๆ,"สวมหน้ากากอนามัย และพกสเปรย์แอลกอฮอล์, เดินทางโดยรถยนต์ (ปิดกระจก)",ฉันรู้สึกปกติ / สงบ,ไม่ หมอกควันไม่ได้ทำให้วิธีการเข้าสังคมหรือการพูดคุยกับผู้คนของฉันเปลี่ยนไป,อยู่ในห้องที่เปิดเครื่องปรับอากาศ (แอร์) และปิดหน้าต่างทุกบาน,ไม่,แล้วแต่ความคิดของแต่ละคน,ใช่ เฉพาะตอนที่ฉันเริ่มรู้สึกไม่ดีหรือเห็นฝุ่นเท่านั้น,ทุกวัน,ฉันสวมเพราะต้องการดูแลและป้องกันสุขภาพของตัวเอง,"ไม่ ฉันยังรู้สึกว่ามันเป็นปัญหาที่อันตรายและไม่ควรเป็นเรื่องปกติ, ฉันจะสังเกตเห็นเฉพาะช่วงเดือนที่ร้อนมากๆ เท่านั้น (ม.ค. - พ.ค.)",ฉันจะอยู่ที่นี่ต่อไปและยอมรับว่ามันเป็นส่วนหนึ่งของชีวิต,ใช่ ฉันรู้สึกปลอดภัยจากหมอกควันเมื่ออยู่ข้างใน,"ควันจากรถยนต์เก่า รถบรรทุก และรถจักรยานยนต์, การเผาขยะ หรือการสูบบุหรี่ในที่สาธารณะ",ตรวจสอบผ่านแอปพลิเคชันพยากรณ์อากาศหรือเว็บไซต์ (เช่น IQAir / AirVisual),ไม่ ฉันคิดว่ามันจะเหมือนเดิมหรือแย่ลงกว่าเดิม
R095,TH,Thai,Dummy,Dummy generated from Thai response pattern,6/5/2026 12:13,มีปัญหาทางด้านการหายใจหรือระบบทางเดินหายใจ,มากกว่า 40 ปี,การออกกำลังกายหรือเดินเล่นนอกบ้าน,อุปกรณ์ทำความสะอาดภายในบ้าน,"คนออกมาเดินเล่นหรือซื้อของน้อยลง, อากาศมีกลิ่นเหมือนการเผาไหม้หรือกลิ่นควันไม้, มองเห็นภูเขาหรือตึกที่อยู่ไกลออกไปได้ยาก",สวมหน้ากากอนามัย และพกสเปรย์แอลกอฮอล์,ฉันรู้สึกรำคาญใจเล็กน้อย,ไม่ หมอกควันไม่ได้ทำให้วิธีการเข้าสังคมหรือการพูดคุยกับผู้คนของฉันเปลี่ยนไป,"ใช้พัดลมและเปิดหน้าต่างทิ้งไว้, อยู่ในห้องที่เปิดเครื่องปรับอากาศ (แอร์) และปิดหน้าต่างทุกบาน",ส่วนใหญ่จะอยู่แต่ภายในอาคาร,ขี้เกียจ,ใช่ เฉพาะตอนที่ฉันเริ่มรู้สึกไม่ดีหรือเห็นฝุ่นเท่านั้น,2-3 ครั้งต่อสัปดาห์,ฉันสวมเพราะต้องการดูแลและป้องกันสุขภาพของตัวเอง,ไม่ ฉันยังรู้สึกว่ามันเป็นปัญหาที่อันตรายและไม่ควรเป็นเรื่องปกติ,ฉันจะอยู่ที่นี่ต่อไปและยอมรับว่ามันเป็นส่วนหนึ่งของชีวิต,ใช่ เพราะทำให้คุยกันและกินอาหารได้สะดวกกว่า,ไม่ทราบ,สังเกตจากท้องฟ้าหรือกลุ่มก้อนเมฆด้วยตาเปล่า,ใช่ ฉันเชื่อว่ามันจะดีขึ้น
R096,TH,Thai,Dummy,Dummy generated from Thai response pattern,21/05/2026 05:22:59,"มีอาการแพ้ (จาม, แสบตา/คันตา)",ต่ำกว่า 18 ปี,"การไปนั่งเล่นกับเพื่อนตามคาเฟ่หรือสวนสาธารณะ, การเดินทางหรือไปเที่ยวรอบๆ พื้นที่แม่สอด, การทำงานหรือนั่งเรียนในพื้นที่เปิดโล่ง (Outdoor)","หน้ากากอนามัย, ใช้ไฟฟ้ามากขึ้นสำหรับพัดลมหรือเครื่องปรับอากาศ (แอร์), ยาแก้ไอหรือยาแก้แพ้","ผู้คนสวมหน้ากากอนามัยกันมากขึ้น, คนออกมาเดินเล่นหรือซื้อของน้อยลง, อากาศมีกลิ่นเหมือนการเผาไหม้หรือกลิ่นควันไม้, มองเห็นภูเขาหรือตึกที่อยู่ไกลออกไปได้ยาก",เดินทางโดยรถยนต์ (ปิดกระจก),ฉันรู้สึกรำคาญใจเล็กน้อย,ไม่ หมอกควันไม่ได้ทำให้วิธีการเข้าสังคมหรือการพูดคุยกับผู้คนของฉันเปลี่ยนไป,อยู่ในห้องที่เปิดเครื่องปรับอากาศ (แอร์) และปิดหน้าต่างทุกบาน,น้อยลงกว่าเดิมเล็กน้อย,ไม่รู้,ใช่ เฉพาะตอนที่ฉันเริ่มรู้สึกไม่ดีหรือเห็นฝุ่นเท่านั้น,ทุกวัน,ฉันสวมบ้างเป็นบางครั้ง แต่จะถอดออกเมื่อไม่ได้อยู่ที่ทำงาน,ไม่ ฉันยังรู้สึกว่ามันเป็นปัญหาที่อันตรายและไม่ควรเป็นเรื่องปกติ,ฉันคิดว่าพื้นที่นี้ยังคงดีกว่าจังหวัดอื่นๆ,ใช่ ฉันรู้สึกปลอดภัยจากหมอกควันเมื่ออยู่ข้างใน,การเผาพื้นที่เกษตรกรรมและไฟป่า,ไม่ได้ตรวจสอบ จะรู้ก็ต่อเมื่อเริ่มรู้สึกไม่สบายหรือป่วยเท่านั้น,ไม่ ฉันคิดว่ามันจะเหมือนเดิมหรือแย่ลงกว่าเดิม
R097,TH,Thai,Dummy,Dummy generated from Thai response pattern,16/05/2026 00:54:29,"รู้สึกป่วย, เหนื่อยล้า หรือเวียนหัว",18-25 ปี,เล่นกีต้าร์อยุ่บ้านทั้งวัน,หน้ากากอนามัย,"ผู้คนสวมหน้ากากอนามัยกันมากขึ้น, คนออกมาเดินเล่นหรือซื้อของน้อยลง, ทุกอย่างดูเป็นสีเทาไปหมด",สวมหน้ากากอนามัย และพกสเปรย์แอลกอฮอล์,ฉันรู้สึกเครียดและกังวลมาก,ใช่ บางครั้งฉันพูดน้อยลงเพราะต้องการใส่หน้ากากอนามัยไว้ตลอดเวลา,อยู่ในห้องที่เปิดเครื่องปรับอากาศ (แอร์) และปิดหน้าต่างทุกบาน,ส่วนใหญ่จะอยู่แต่ภายในอาคาร,ไม่ใส่ใจ,ใช่ เฉพาะตอนที่ฉันเริ่มรู้สึกไม่ดีหรือเห็นฝุ่นเท่านั้น,เฉพาะช่วงที่อากาศแย่มากๆ,ฉันสวมเฉพาะเมื่อที่ทำงาน โรงเรียน หรือร้านค้าบังคับให้ใส่เท่านั้น,ใช่ มันกลายเป็นเรื่องปกติของทุกปีไปแล้ว,ฉันอยากย้ายออกไป แต่ไม่มีทางเลือกเพราะเรื่องงานหรือเรื่องเรียน,ไม่ ฉันคิดว่าไม่จำเป็นต้องสวมหน้ากากเมื่ออยู่ในอาคารอยู่แล้ว,"การเผาพื้นที่เกษตรกรรมและไฟป่า, ควันจากรถยนต์เก่า รถบรรทุก และรถจักรยานยนต์, การเผาขยะ หรือการสูบบุหรี่ในที่สาธารณะ",ติดตามผ่านโซเชียลมีเดีย (เช่น กลุ่ม Facebook หรือ Line),ใช่ ฉันเชื่อว่ามันจะดีขึ้น
R098,TH,Thai,Dummy,Dummy generated from Thai response pattern,4/5/2026 6:31,มีปัญหาทางด้านการหายใจหรือระบบทางเดินหายใจ,ต่ำกว่า 18 ปี,"การเล่นกีฬา(ฟุตบอล, วิ่ง และอื่นๆ)","เครื่องฟอกอากาศหรือแผ่นกรองอากาศใหม่, ยาแก้ไอหรือยาแก้แพ้","ผู้คนสวมหน้ากากอนามัยกันมากขึ้น, อากาศมีกลิ่นเหมือนการเผาไหม้หรือกลิ่นควันไม้, มองเห็นภูเขาหรือตึกที่อยู่ไกลออกไปได้ยาก, ทุกอย่างดูเป็นสีเทาไปหมด",สวมหน้ากากอนามัย และพกสเปรย์แอลกอฮอล์,ฉันรู้สึกรำคาญใจเล็กน้อย,ใช่ บางครั้งฉันพูดน้อยลงเพราะต้องการใส่หน้ากากอนามัยไว้ตลอดเวลา,ไม่มี,ใช้เวลาเท่าเดิมตามปกติ,ขี้เกียจ,ไม่ ฉันใส่หน้ากากตลอดเวลาเพื่อความปลอดภัย,ทำความสะอาดบ้านทุกวันอยู่แล้ว,ฉันสวมเพราะต้องการดูแลและป้องกันสุขภาพของตัวเอง,ใช่ มันกลายเป็นเรื่องปกติของทุกปีไปแล้ว,ฉันจะอยู่ที่นี่ต่อไปและยอมรับว่ามันเป็นส่วนหนึ่งของชีวิต,ใช่ ฉันรู้สึกปลอดภัยจากหมอกควันเมื่ออยู่ข้างใน,"การเผาพื้นที่เกษตรกรรมและไฟป่า, การเผาขยะ หรือการสูบบุหรี่ในที่สาธารณะ",ตรวจสอบผ่านแอปพลิเคชันพยากรณ์อากาศหรือเว็บไซต์ (เช่น IQAir / AirVisual),ใช่ ฉันเชื่อว่ามันจะดีขึ้น
R099,TH,Thai,Dummy,Dummy generated from Thai response pattern,24/05/2026 13:12:53,"มีอาการแพ้ (จาม, แสบตา/คันตา)",ต่ำกว่า 18 ปี,"การเดินทางหรือไปเที่ยวรอบๆ พื้นที่แม่สอด, การทำงานหรือนั่งเรียนในพื้นที่เปิดโล่ง (Outdoor)","หน้ากากอนามัย, ยาแก้ไอหรือยาแก้แพ้",อากาศมีกลิ่นเหมือนการเผาไหม้หรือกลิ่นควันไม้,เดินทางโดยรถยนต์ (ปิดกระจก),ฉันรู้สึกเครียดและกังวลมาก,ไม่ หมอกควันไม่ได้ทำให้วิธีการเข้าสังคมหรือการพูดคุยกับผู้คนของฉันเปลี่ยนไป,อยู่ในห้องที่เปิดเครื่องปรับอากาศ (แอร์) และปิดหน้าต่างทุกบาน,ออกไปเฉพาะเวลาทำงานหรือไปหาอาหารเท่านั้น,_,ไม่ ปกติฉันก็แทบจะไม่ใส่หน้ากากอยู่แล้ว,เฉพาะช่วงที่อากาศแย่มากๆ,ฉันสวมเฉพาะเมื่อที่ทำงาน โรงเรียน หรือร้านค้าบังคับให้ใส่เท่านั้น,ไม่ ฉันยังรู้สึกว่ามันเป็นปัญหาที่อันตรายและไม่ควรเป็นเรื่องปกติ,ฉันอยากย้ายออกไป แต่ไม่มีทางเลือกเพราะเรื่องงานหรือเรื่องเรียน,ใช่ เพราะทำให้คุยกันและกินอาหารได้สะดวกกว่า,การเผาพื้นที่เกษตรกรรมและไฟป่า,สังเกตจากท้องฟ้าหรือกลุ่มก้อนเมฆด้วยตาเปล่า,ไม่ ฉันคิดว่ามันจะเหมือนเดิมหรือแย่ลงกว่าเดิม
R100,TH,Thai,Dummy,Dummy generated from Thai response pattern,21/05/2026 00:41:52,"มีปัญหาทางด้านการหายใจหรือระบบทางเดินหายใจ,",18-25 ปี,"การเล่นกีฬา(ฟุตบอล, วิ่ง และอื่นๆ)","หน้ากากอนามัย, ใช้ไฟฟ้ามากขึ้นสำหรับพัดลมหรือเครื่องปรับอากาศ (แอร์), เครื่องฟอกอากาศหรือแผ่นกรองอากาศใหม่, ยาแก้ไอหรือยาแก้แพ้","คนออกมาเดินเล่นหรือซื้อของน้อยลง, อากาศมีกลิ่นเหมือนการเผาไหม้หรือกลิ่นควันไม้",กินยาภูมิแพ้,ฉันรู้สึกรำคาญใจเล็กน้อย,ไม่ หมอกควันไม่ได้ทำให้วิธีการเข้าสังคมหรือการพูดคุยกับผู้คนของฉันเปลี่ยนไป,อยู่ในห้องที่เปิดเครื่องปรับอากาศ (แอร์) และปิดหน้าต่างทุกบาน,ออกไปเฉพาะเวลาทำงานหรือไปหาอาหารเท่านั้น,เพราะมองว่าเป็นเรื่องไม่จำเป็น มองว่าเป็นเรื่องไม่ใหญ่มาก,ใช่ เฉพาะตอนที่ฉันเริ่มรู้สึกไม่ดีหรือเห็นฝุ่นเท่านั้น,2-3 ครั้งต่อสัปดาห์,ฉันสวมเพราะต้องการดูแลและป้องกันสุขภาพของตัวเอง,ไม่ ฉันยังรู้สึกว่ามันเป็นปัญหาที่อันตรายและไม่ควรเป็นเรื่องปกติ,ปรับตัวเลือกสวมหน้ากากเพื่อความปลอดภัย,ใช่ เพราะทำให้คุยกันและกินอาหารได้สะดวกกว่า,ไม่ทราบ,ติดตามผ่านโซเชียลมีเดีย (เช่น กลุ่ม Facebook หรือ Line),ใช่ ฉันเชื่อว่ามันจะดีขึ้น
R101,TH,Thai,Dummy,Dummy generated from Thai response pattern,3/5/2026 2:37,"มีอาการแพ้ (จาม, แสบตา/คันตา), มีปัญหาทางด้านการหายใจหรือระบบทางเดินหายใจ",18-25 ปี,"การไปนั่งเล่นกับเพื่อนตามคาเฟ่หรือสวนสาธารณะ, การเดินทางหรือไปเที่ยวรอบๆ พื้นที่แม่สอด, การทำงานหรือนั่งเรียนในพื้นที่เปิดโล่ง (Outdoor)","หน้ากากอนามัย, ใช้ไฟฟ้ามากขึ้นสำหรับพัดลมหรือเครื่องปรับอากาศ (แอร์)","คนออกมาเดินเล่นหรือซื้อของน้อยลง, อากาศมีกลิ่นเหมือนการเผาไหม้หรือกลิ่นควันไม้, มองเห็นภูเขาหรือตึกที่อยู่ไกลออกไปได้ยาก, ทุกอย่างดูเป็นสีเทาไปหมด","สวมหน้ากากอนามัย และพกสเปรย์แอลกอฮอล์, เดินทางโดยรถยนต์ (ปิดกระจก)",ฉันรู้สึกรำคาญใจเล็กน้อย,ใช่ บางครั้งฉันพูดน้อยลงเพราะต้องการใส่หน้ากากอนามัยไว้ตลอดเวลา,อยู่ในห้องที่เปิดเครื่องปรับอากาศ (แอร์) และปิดหน้าต่างทุกบาน,ส่วนใหญ่จะอยู่แต่ภายในอาคาร,เพราะอาจจะหายใจไม่ค่อยสะดวก,ใช่ เฉพาะตอนที่ฉันเริ่มรู้สึกไม่ดีหรือเห็นฝุ่นเท่านั้น,2-3 ครั้งต่อสัปดาห์,ฉันสวมเพราะต้องการดูแลและป้องกันสุขภาพของตัวเอง,ไม่ ฉันยังรู้สึกว่ามันเป็นปัญหาที่อันตรายและไม่ควรเป็นเรื่องปกติ,ฉันคิดว่าพื้นที่นี้ยังคงดีกว่าจังหวัดอื่นๆ,ใช่ ฉันรู้สึกปลอดภัยจากหมอกควันเมื่ออยู่ข้างใน,การเผาพื้นที่เกษตรกรรมและไฟป่า,ตรวจสอบผ่านแอปพลิเคชันพยากรณ์อากาศหรือเว็บไซต์ (เช่น IQAir / AirVisual),ใช่ ฉันเชื่อว่ามันจะดีขึ้น
R102,TH,Thai,Dummy,Dummy generated from Thai response pattern,5/5/2026 23:37,"รู้สึกป่วย, เหนื่อยล้า หรือเวียนหัว",ต่ำกว่า 18 ปี,"การเล่นกีฬา(ฟุตบอล, วิ่ง และอื่นๆ), การไปนั่งเล่นกับเพื่อนตามคาเฟ่หรือสวนสาธารณะ, การเดินทางหรือไปเที่ยวรอบๆ พื้นที่แม่สอด, การทำงานหรือนั่งเรียนในพื้นที่เปิดโล่ง (Outdoor), การออกกำลังกายหรือเดินเล่นนอกบ้าน",ไม่ได้ใช้,"คนออกมาเดินเล่นหรือซื้อของน้อยลง, อากาศมีกลิ่นเหมือนการเผาไหม้หรือกลิ่นควันไม้, ทุกอย่างดูเป็นสีเทาไปหมด",สวมหน้ากากอนามัย และพกสเปรย์แอลกอฮอล์,ฉันรู้สึกรำคาญใจเล็กน้อย,ใช่ บางครั้งฉันพูดน้อยลงเพราะต้องการใส่หน้ากากอนามัยไว้ตลอดเวลา,ใช้พัดลมและเปิดหน้าต่างทิ้งไว้,ส่วนใหญ่จะอยู่แต่ภายในอาคาร,ขี้เกียจ,ใช่ เฉพาะตอนที่ฉันเริ่มรู้สึกไม่ดีหรือเห็นฝุ่นเท่านั้น,2-3 ครั้งต่อสัปดาห์,ความเคยชิน,ใช่ มันกลายเป็นเรื่องปกติของทุกปีไปแล้ว,ฉันอยากย้ายออกไป แต่ไม่มีทางเลือกเพราะเรื่องงานหรือเรื่องเรียน,ใช่ ฉันรู้สึกปลอดภัยจากหมอกควันเมื่ออยู่ข้างใน,"การเผาพื้นที่เกษตรกรรมและไฟป่า, การเผาขยะ หรือการสูบบุหรี่ในที่สาธารณะ",ติดตามผ่านโซเชียลมีเดีย (เช่น กลุ่ม Facebook หรือ Line),ใช่ ฉันเชื่อว่ามันจะดีขึ้น
R103,TH,Thai,Dummy,Dummy generated from Thai response pattern,14/05/2026 09:11:09,"รู้สึกป่วย, เหนื่อยล้า หรือเวียนหัว",มากกว่า 40 ปี,"การเล่นกีฬา(ฟุตบอล, วิ่ง และอื่นๆ), การทำงานหรือนั่งเรียนในพื้นที่เปิดโล่ง (Outdoor)","หน้ากากอนามัย, ใช้ไฟฟ้ามากขึ้นสำหรับพัดลมหรือเครื่องปรับอากาศ (แอร์)","อากาศมีกลิ่นเหมือนการเผาไหม้หรือกลิ่นควันไม้, มองเห็นภูเขาหรือตึกที่อยู่ไกลออกไปได้ยาก","สวมหน้ากากอนามัย และพกสเปรย์แอลกอฮอล์, เดินทางโดยรถยนต์ (ปิดกระจก)",ฉันรู้สึกเครียดและกังวลมาก,ใช่ บางครั้งฉันพูดน้อยลงเพราะต้องการใส่หน้ากากอนามัยไว้ตลอดเวลา,ใช้พัดลมและเปิดหน้าต่างทิ้งไว้,ออกไปเฉพาะเวลาทำงานหรือไปหาอาหารเท่านั้น,แล้วแต่ความคิดของแต่ละคน,ใช่ เฉพาะตอนที่ฉันเริ่มรู้สึกไม่ดีหรือเห็นฝุ่นเท่านั้น,2-3 ครั้งต่อสัปดาห์,ฉันสวมบ้างเป็นบางครั้ง แต่จะถอดออกเมื่อไม่ได้อยู่ที่ทำงาน,ฉันพยายามที่จะไม่คิดถึงเรื่องนี้เลย,ฉันอยากย้ายออกไป แต่ไม่มีทางเลือกเพราะเรื่องงานหรือเรื่องเรียน,ใช่ ฉันรู้สึกปลอดภัยจากหมอกควันเมื่ออยู่ข้างใน,"การเผาพื้นที่เกษตรกรรมและไฟป่า, ควันจากรถยนต์เก่า รถบรรทุก และรถจักรยานยนต์, การเผาขยะ หรือการสูบบุหรี่ในที่สาธารณะ",ไม่ได้ตรวจสอบ จะรู้ก็ต่อเมื่อเริ่มรู้สึกไม่สบายหรือป่วยเท่านั้น,ไม่ ฉันคิดว่ามันจะเหมือนเดิมหรือแย่ลงกว่าเดิม
R104,TH,Thai,Dummy,Dummy generated from Thai response pattern,14/05/2026 17:15:25,"มีอาการแพ้ (จาม, แสบตา/คันตา), มีปัญหาทางด้านการหายใจหรือระบบทางเดินหายใจ",18-25 ปี,"การไปนั่งเล่นกับเพื่อนตามคาเฟ่หรือสวนสาธารณะ, การเดินทางหรือไปเที่ยวรอบๆ พื้นที่แม่สอด, การทำงานหรือนั่งเรียนในพื้นที่เปิดโล่ง (Outdoor)",หน้ากากอนามัย,ทุกอย่างดูเป็นสีเทาไปหมด,"สวมหน้ากากอนามัย และพกสเปรย์แอลกอฮอล์, เดินทางโดยรถยนต์ (ปิดกระจก)",ฉันรู้สึกรำคาญใจเล็กน้อย,ใช่ บางครั้งฉันพูดน้อยลงเพราะต้องการใส่หน้ากากอนามัยไว้ตลอดเวลา,"เปิดหน้าต่างและประตูทุกบานเพื่อให้ระบายอากาศ, ใช้พัดลมและเปิดหน้าต่างทิ้งไว้",ออกไปเฉพาะเวลาทำงานหรือไปหาอาหารเท่านั้น,-,ใช่ เฉพาะตอนที่ฉันเริ่มรู้สึกไม่ดีหรือเห็นฝุ่นเท่านั้น,2-3 ครั้งต่อสัปดาห์,ฉันสวมบ้างเป็นบางครั้ง แต่จะถอดออกเมื่อไม่ได้อยู่ที่ทำงาน,"ใช่ มันกลายเป็นเรื่องปกติของทุกปีไปแล้ว, ไม่ ฉันยังรู้สึกว่ามันเป็นปัญหาที่อันตรายและไม่ควรเป็นเรื่องปกติ",ฉันจะอยู่ที่นี่ต่อไปและยอมรับว่ามันเป็นส่วนหนึ่งของชีวิต,ใช่ ฉันรู้สึกปลอดภัยจากหมอกควันเมื่ออยู่ข้างใน,การเผาพื้นที่เกษตรกรรมและไฟป่า,ตรวจสอบผ่านแอปพลิเคชันพยากรณ์อากาศหรือเว็บไซต์ (เช่น IQAir / AirVisual),ใช่ ฉันเชื่อว่ามันจะดีขึ้น
R105,TH,Thai,Dummy,Dummy generated from Thai response pattern,20/05/2026 23:24:27,"มีอาการแพ้ (จาม, แสบตา/คันตา)",ต่ำกว่า 18 ปี,"การไปนั่งเล่นกับเพื่อนตามคาเฟ่หรือสวนสาธารณะ, การทำงานหรือนั่งเรียนในพื้นที่เปิดโล่ง (Outdoor), การออกกำลังกายหรือเดินเล่นนอกบ้าน","หน้ากากอนามัย, ยาแก้ไอหรือยาแก้แพ้",ผู้คนสวมหน้ากากอนามัยกันมากขึ้น,"สวมหน้ากากอนามัย และพกสเปรย์แอลกอฮอล์, เดินทางโดยรถยนต์ (ปิดกระจก)",ฉันรู้สึกเครียดและกังวลมาก,ใช่ บางครั้งฉันพูดน้อยลงเพราะต้องการใส่หน้ากากอนามัยไว้ตลอดเวลา,"เปิดหน้าต่างและประตูทุกบานเพื่อให้ระบายอากาศ, ใช้พัดลมและเปิดหน้าต่างทิ้งไว้",ส่วนใหญ่จะอยู่แต่ภายในอาคาร,ขก,ไม่ ปกติฉันก็แทบจะไม่ใส่หน้ากากอยู่แล้ว,2-3 ครั้งต่อสัปดาห์,ฉันสวมเพราะต้องการดูแลและป้องกันสุขภาพของตัวเอง,"ใช่ มันกลายเป็นเรื่องปกติของทุกปีไปแล้ว, ฉันจะสังเกตเห็นเฉพาะช่วงเดือนที่ร้อนมากๆ เท่านั้น (ม.ค. - พ.ค.)",ฉันอยากย้ายออกไป แต่ไม่มีทางเลือกเพราะเรื่องงานหรือเรื่องเรียน,ฉันจะสวมหน้ากากก็ต่อเมื่อมีคนอยู่รอบๆจำนวนมากเท่านั้น,"การเผาพื้นที่เกษตรกรรมและไฟป่า, ควันจากรถยนต์เก่า รถบรรทุก และรถจักรยานยนต์, การเผาขยะ หรือการสูบบุหรี่ในที่สาธารณะ, ควันลอยมาจากพื้นที่ฝั่งประเทศเพื่อนบ้าน (ข้ามพรมแดน)",สังเกตจากท้องฟ้าหรือกลุ่มก้อนเมฆด้วยตาเปล่า,ไม่ ฉันคิดว่ามันจะเหมือนเดิมหรือแย่ลงกว่าเดิม
R106,TH,Thai,Dummy,Dummy generated from Thai response pattern,20/05/2026 05:24:06,"มีอาการแพ้ (จาม, แสบตา/คันตา)",ต่ำกว่า 18 ปี,การเดินทางหรือไปเที่ยวรอบๆ พื้นที่แม่สอด,"อุปกรณ์ทำความสะอาดภายในบ้าน, ยาหยอดตาหรือสเปรย์ฉีดจมูก, ใช้ไฟฟ้ามากขึ้นสำหรับพัดลมหรือเครื่องปรับอากาศ (แอร์), เครื่องฟอกอากาศหรือแผ่นกรองอากาศใหม่","ผู้คนสวมหน้ากากอนามัยกันมากขึ้น, อากาศมีกลิ่นเหมือนการเผาไหม้หรือกลิ่นควันไม้, มองเห็นภูเขาหรือตึกที่อยู่ไกลออกไปได้ยาก","สวมหน้ากากอนามัย และพกสเปรย์แอลกอฮอล์, เดินทางโดยรถยนต์ (ปิดกระจก)",ฉันรู้สึกรำคาญใจเล็กน้อย,ใช่ บางครั้งฉันพูดน้อยลงเพราะต้องการใส่หน้ากากอนามัยไว้ตลอดเวลา,เปิดหน้าต่างและประตูทุกบานเพื่อให้ระบายอากาศ,น้อยลงกว่าเดิมเล็กน้อย,ไม่ตระหนักทุกปัญหามากเท่าที่ควร,ใช่ เฉพาะตอนที่ฉันเริ่มรู้สึกไม่ดีหรือเห็นฝุ่นเท่านั้น,ทุกวัน,ฉันสวมเพราะต้องการดูแลและป้องกันสุขภาพของตัวเอง,ไม่ ฉันยังรู้สึกว่ามันเป็นปัญหาที่อันตรายและไม่ควรเป็นเรื่องปกติ,ฉันคิดว่าพื้นที่นี้ยังคงดีกว่าจังหวัดอื่นๆ,ใช่ เพราะทำให้คุยกันและกินอาหารได้สะดวกกว่า,"การเผาพื้นที่เกษตรกรรมและไฟป่า, ควันจากรถยนต์เก่า รถบรรทุก และรถจักรยานยนต์, ควันลอยมาจากพื้นที่ฝั่งประเทศเพื่อนบ้าน (ข้ามพรมแดน)",สังเกตจากท้องฟ้าหรือกลุ่มก้อนเมฆด้วยตาเปล่า,ใช่ ฉันเชื่อว่ามันจะดีขึ้น
R107,TH,Thai,Dummy,Dummy generated from Thai response pattern,19/05/2026 18:23:08,"มีอาการแพ้ (จาม, แสบตา/คันตา)",มากกว่า 40 ปี,"การเล่นกีฬา(ฟุตบอล, วิ่ง และอื่นๆ), การออกกำลังกายหรือเดินเล่นนอกบ้าน","หน้ากากอนามัย, อุปกรณ์ทำความสะอาดภายในบ้าน, เครื่องฟอกอากาศหรือแผ่นกรองอากาศใหม่","ผู้คนสวมหน้ากากอนามัยกันมากขึ้น, อากาศมีกลิ่นเหมือนการเผาไหม้หรือกลิ่นควันไม้, ทุกอย่างดูเป็นสีเทาไปหมด","สวมหน้ากากอนามัย และพกสเปรย์แอลกอฮอล์, เดินทางโดยรถยนต์ (ปิดกระจก)",ฉันรู้สึกรำคาญใจเล็กน้อย,ใช่ บางครั้งฉันพูดน้อยลงเพราะต้องการใส่หน้ากากอนามัยไว้ตลอดเวลา,"เปิดหน้าต่างและประตูทุกบานเพื่อให้ระบายอากาศ, ใช้พัดลมและเปิดหน้าต่างทิ้งไว้",ส่วนใหญ่จะอยู่แต่ภายในอาคาร,-,ใช่ เฉพาะตอนที่ฉันเริ่มรู้สึกไม่ดีหรือเห็นฝุ่นเท่านั้น,เฉพาะช่วงที่อากาศแย่มากๆ,ฉันสวมบ้างเป็นบางครั้ง แต่จะถอดออกเมื่อไม่ได้อยู่ที่ทำงาน,ใช่ มันกลายเป็นเรื่องปกติของทุกปีไปแล้ว,ฉันอยากย้ายออกไป แต่ไม่มีทางเลือกเพราะเรื่องงานหรือเรื่องเรียน,ใช่ ฉันรู้สึกปลอดภัยจากหมอกควันเมื่ออยู่ข้างใน,"การเผาพื้นที่เกษตรกรรมและไฟป่า, ควันจากรถยนต์เก่า รถบรรทุก และรถจักรยานยนต์, การเผาขยะ หรือการสูบบุหรี่ในที่สาธารณะ",ตรวจสอบผ่านแอปพลิเคชันพยากรณ์อากาศหรือเว็บไซต์ (เช่น IQAir / AirVisual),ไม่ ฉันคิดว่ามันจะเหมือนเดิมหรือแย่ลงกว่าเดิม
R108,TH,Thai,Dummy,Dummy generated from Thai response pattern,22/05/2026 08:56:02,มีปัญหาทางด้านการหายใจหรือระบบทางเดินหายใจ,ต่ำกว่า 18 ปี,"การเล่นกีฬา(ฟุตบอล, วิ่ง และอื่นๆ)","หน้ากากอนามัย, อุปกรณ์ทำความสะอาดภายในบ้าน, ยาหยอดตาหรือสเปรย์ฉีดจมูก, เครื่องฟอกอากาศหรือแผ่นกรองอากาศใหม่, ยาแก้ไอหรือยาแก้แพ้","อากาศมีกลิ่นเหมือนการเผาไหม้หรือกลิ่นควันไม้, ทุกอย่างดูเป็นสีเทาไปหมด",สวมหน้ากากอนามัย และพกสเปรย์แอลกอฮอล์,ฉันรู้สึกเครียดและกังวลมาก,ไม่ หมอกควันไม่ได้ทำให้วิธีการเข้าสังคมหรือการพูดคุยกับผู้คนของฉันเปลี่ยนไป,ปิดประตูหน้าต่างและเปิดพัดลมกรือแอร์,ออกไปเฉพาะเวลาทำงานหรือไปหาอาหารเท่านั้น,อึดอัด,ใช่ เฉพาะตอนที่ฉันเริ่มรู้สึกไม่ดีหรือเห็นฝุ่นเท่านั้น,เฉพาะช่วงที่อากาศแย่มากๆ,ฉันสวมเฉพาะเมื่อที่ทำงาน โรงเรียน หรือร้านค้าบังคับให้ใส่เท่านั้น,ไม่ ฉันยังรู้สึกว่ามันเป็นปัญหาที่อันตรายและไม่ควรเป็นเรื่องปกติ,ฉันจะอยู่ที่นี่ต่อไปและยอมรับว่ามันเป็นส่วนหนึ่งของชีวิต,ใช่ ฉันรู้สึกปลอดภัยจากหมอกควันเมื่ออยู่ข้างใน,"การเผาพื้นที่เกษตรกรรมและไฟป่า, ควันจากรถยนต์เก่า รถบรรทุก และรถจักรยานยนต์, การเผาขยะ หรือการสูบบุหรี่ในที่สาธารณะ, ควันลอยมาจากพื้นที่ฝั่งประเทศเพื่อนบ้าน (ข้ามพรมแดน)",สังเกตจากท้องฟ้าหรือกลุ่มก้อนเมฆด้วยตาเปล่า,ไม่ ฉันคิดว่ามันจะเหมือนเดิมหรือแย่ลงกว่าเดิม
R109,TH,Thai,Dummy,Dummy generated from Thai response pattern,17/05/2026 15:50:37,"มีอาการแพ้ (จาม, แสบตา/คันตา)",18-25 ปี,การออกกำลังกายหรือเดินเล่นนอกบ้าน,"หน้ากากอนามัย, ยาหยอดตาหรือสเปรย์ฉีดจมูก, ยาแก้ไอหรือยาแก้แพ้",อากาศมีกลิ่นเหมือนการเผาไหม้หรือกลิ่นควันไม้,"สวมหน้ากากอนามัย และพกสเปรย์แอลกอฮอล์, เดินทางโดยรถยนต์ (ปิดกระจก)",ฉันรู้สึกรำคาญใจเล็กน้อย,ใช่ บางครั้งฉันพูดน้อยลงเพราะต้องการใส่หน้ากากอนามัยไว้ตลอดเวลา,อยู่ในห้องที่เปิดเครื่องปรับอากาศ (แอร์) และปิดหน้าต่างทุกบาน,น้อยลงกว่าเดิมเล็กน้อย,อากาศร้อนใส่หน้ากากแล้วหายใจลำบาก,ไม่ ปกติฉันก็แทบจะไม่ใส่หน้ากากอยู่แล้ว,2-3 ครั้งต่อสัปดาห์,ฉันสวมเฉพาะเมื่อที่ทำงาน โรงเรียน หรือร้านค้าบังคับให้ใส่เท่านั้น,ใช่ มันกลายเป็นเรื่องปกติของทุกปีไปแล้ว,ฉันอยากย้ายออกไป แต่ไม่มีทางเลือกเพราะเรื่องงานหรือเรื่องเรียน,ฉันจะสวมหน้ากากก็ต่อเมื่อมีคนอยู่รอบๆจำนวนมากเท่านั้น,การเผาพื้นที่เกษตรกรรมและไฟป่า,สังเกตจากท้องฟ้าหรือกลุ่มก้อนเมฆด้วยตาเปล่า,ใช่ ฉันเชื่อว่ามันจะดีขึ้น
R110,TH,Thai,Dummy,Dummy generated from Thai response pattern,7/5/2026 13:41,"มีอาการแพ้ (จาม, แสบตา/คันตา)",18-25 ปี,"การเดินทางหรือไปเที่ยวรอบๆ พื้นที่แม่สอด, การทำงานหรือนั่งเรียนในพื้นที่เปิดโล่ง (Outdoor)","เครื่องฟอกอากาศหรือแผ่นกรองอากาศใหม่, ยาแก้ไอหรือยาแก้แพ้","คนออกมาเดินเล่นหรือซื้อของน้อยลง, ทุกอย่างดูเป็นสีเทาไปหมด","สวมหน้ากากอนามัย และพกสเปรย์แอลกอฮอล์, เดินทางโดยรถยนต์ (ปิดกระจก)",ฉันรู้สึกปกติ / สงบ,ใช่ บางครั้งฉันพูดน้อยลงเพราะต้องการใส่หน้ากากอนามัยไว้ตลอดเวลา,อยู่ในห้องที่เปิดเครื่องปรับอากาศ (แอร์) และปิดหน้าต่างทุกบาน,ใช้เวลาเท่าเดิมตามปกติ,อาจจะเพราะความเคยชิน และยังไม่ตระหนักถึงสภาพแวดล้อมในอากาศที่ไม่ดีต่อร่างกาย,ไม่ ปกติฉันก็แทบจะไม่ใส่หน้ากากอยู่แล้ว,ทำความสะอาดบ้านทุกวันอยู่แล้ว,ฉันสวมบ้างเป็นบางครั้ง แต่จะถอดออกเมื่อไม่ได้อยู่ที่ทำงาน,ไม่ ฉันยังรู้สึกว่ามันเป็นปัญหาที่อันตรายและไม่ควรเป็นเรื่องปกติ,ฉันจะอยู่ที่นี่ต่อไปและยอมรับว่ามันเป็นส่วนหนึ่งของชีวิต,ใช่ ฉันรู้สึกปลอดภัยจากหมอกควันเมื่ออยู่ข้างใน,"การเผาพื้นที่เกษตรกรรมและไฟป่า, ควันจากรถยนต์เก่า รถบรรทุก และรถจักรยานยนต์, การเผาขยะ หรือการสูบบุหรี่ในที่สาธารณะ",สังเกตจากท้องฟ้าหรือกลุ่มก้อนเมฆด้วยตาเปล่า,ไม่ ฉันคิดว่ามันจะเหมือนเดิมหรือแย่ลงกว่าเดิม
R111,TH,Thai,Dummy,Dummy generated from Thai response pattern,8/5/2026 14:34,"รู้สึกป่วย, เหนื่อยล้า หรือเวียนหัว",ต่ำกว่า 18 ปี,"การเล่นกีฬา(ฟุตบอล, วิ่ง และอื่นๆ)",ใช้ไฟฟ้ามากขึ้นสำหรับพัดลมหรือเครื่องปรับอากาศ (แอร์),มองเห็นภูเขาหรือตึกที่อยู่ไกลออกไปได้ยาก,"สวมหน้ากากอนามัย และพกสเปรย์แอลกอฮอล์, เดินทางโดยรถยนต์ (ปิดกระจก)",ฉันรู้สึกเศร้าหรือหดหู่เพราะท้องฟ้าที่เป็นสีเทา,ใช่ บางครั้งฉันพูดน้อยลงเพราะต้องการใส่หน้ากากอนามัยไว้ตลอดเวลา,ใช้พัดลมและเปิดหน้าต่างทิ้งไว้,น้อยลงกว่าเดิมเล็กน้อย,แล้วแต่ความคิดของแต่ละคน,ไม่ ฉันใส่หน้ากากตลอดเวลาเพื่อความปลอดภัย,ไม่เคยเลย,ฉันสวมเพราะต้องการดูแลและป้องกันสุขภาพของตัวเอง,ไม่ ฉันยังรู้สึกว่ามันเป็นปัญหาที่อันตรายและไม่ควรเป็นเรื่องปกติ,ฉันอยากย้ายออกไป แต่ไม่มีทางเลือกเพราะเรื่องงานหรือเรื่องเรียน,ใช่ ฉันรู้สึกปลอดภัยจากหมอกควันเมื่ออยู่ข้างใน,"การเผาพื้นที่เกษตรกรรมและไฟป่า, การเผาขยะ หรือการสูบบุหรี่ในที่สาธารณะ",สังเกตจากท้องฟ้าหรือกลุ่มก้อนเมฆด้วยตาเปล่า,ไม่ ฉันคิดว่ามันจะเหมือนเดิมหรือแย่ลงกว่าเดิม
R112,TH,Thai,Dummy,Dummy generated from Thai response pattern,11/5/2026 18:28,"มีอาการแพ้ (จาม, แสบตา/คันตา)",ต่ำกว่า 18 ปี,"การไปนั่งเล่นกับเพื่อนตามคาเฟ่หรือสวนสาธารณะ, การเดินทางหรือไปเที่ยวรอบๆ พื้นที่แม่สอด, การทำงานหรือนั่งเรียนในพื้นที่เปิดโล่ง (Outdoor), การออกกำลังกายหรือเดินเล่นนอกบ้าน","หน้ากากอนามัย, เครื่องฟอกอากาศหรือแผ่นกรองอากาศใหม่","ผู้คนสวมหน้ากากอนามัยกันมากขึ้น, อากาศมีกลิ่นเหมือนการเผาไหม้หรือกลิ่นควันไม้, ทุกอย่างดูเป็นสีเทาไปหมด","สวมหน้ากากอนามัย และพกสเปรย์แอลกอฮอล์, เดินทางโดยรถยนต์ (ปิดกระจก)",ฉันรู้สึกรำคาญใจเล็กน้อย,ใช่ บางครั้งฉันพูดน้อยลงเพราะต้องการใส่หน้ากากอนามัยไว้ตลอดเวลา,เปิดหน้าต่างและประตูทุกบานเพื่อให้ระบายอากาศ,ส่วนใหญ่จะอยู่แต่ภายในอาคาร,เพราะอากาศร้อน ทำให้เมื่อใส่หน้ากากอนามัยจะหายใจไม่สะดวก,ใช่ เฉพาะตอนที่ฉันเริ่มรู้สึกไม่ดีหรือเห็นฝุ่นเท่านั้น,2-3 ครั้งต่อสัปดาห์,ฉันสวมเพราะต้องการดูแลและป้องกันสุขภาพของตัวเอง,ไม่ ฉันยังรู้สึกว่ามันเป็นปัญหาที่อันตรายและไม่ควรเป็นเรื่องปกติ,ฉันไม่ได้สนใจเรื่องหมอกควัน ฉันแค่โฟกัสกับการใช้ชีวิตประจำวันของตัวเอง,ใช่ ฉันรู้สึกปลอดภัยจากหมอกควันเมื่ออยู่ข้างใน,"การเผาพื้นที่เกษตรกรรมและไฟป่า, การเผาขยะ หรือการสูบบุหรี่ในที่สาธารณะ, ควันลอยมาจากพื้นที่ฝั่งประเทศเพื่อนบ้าน (ข้ามพรมแดน)",สังเกตจากท้องฟ้าหรือกลุ่มก้อนเมฆด้วยตาเปล่า,ไม่ ฉันคิดว่ามันจะเหมือนเดิมหรือแย่ลงกว่าเดิม
R113,TH,Thai,Dummy,Dummy generated from Thai response pattern,2/5/2026 18:34,"มีอาการแพ้ (จาม, แสบตา/คันตา), มีปัญหาทางด้านการหายใจหรือระบบทางเดินหายใจ",ต่ำกว่า 18 ปี,"การเล่นกีฬา(ฟุตบอล, วิ่ง และอื่นๆ), การไปนั่งเล่นกับเพื่อนตามคาเฟ่หรือสวนสาธารณะ, การเดินทางหรือไปเที่ยวรอบๆ พื้นที่แม่สอด, การทำงานหรือนั่งเรียนในพื้นที่เปิดโล่ง (Outdoor), การออกกำลังกายหรือเดินเล่นนอกบ้าน",อุปกรณ์ทำความสะอาดภายในบ้าน,"ผู้คนสวมหน้ากากอนามัยกันมากขึ้น, คนออกมาเดินเล่นหรือซื้อของน้อยลง, อากาศมีกลิ่นเหมือนการเผาไหม้หรือกลิ่นควันไม้, มองเห็นภูเขาหรือตึกที่อยู่ไกลออกไปได้ยาก, ทุกอย่างดูเป็นสีเทาไปหมด",สวมหน้ากากอนามัย และพกสเปรย์แอลกอฮอล์,ฉันรู้สึกรำคาญใจเล็กน้อย,ใช่ บางครั้งฉันพูดน้อยลงเพราะต้องการใส่หน้ากากอนามัยไว้ตลอดเวลา,อยู่ในห้องที่เปิดเครื่องปรับอากาศ (แอร์) และปิดหน้าต่างทุกบาน,ใช้เวลาเท่าเดิมตามปกติ,เพราะร้อนและหายใจลำบาก,ไม่ ฉันใส่หน้ากากตลอดเวลาเพื่อความปลอดภัย,เฉพาะช่วงที่อากาศแย่มากๆ,ฉันสวมเพราะต้องการดูแลและป้องกันสุขภาพของตัวเอง,ใช่ มันกลายเป็นเรื่องปกติของทุกปีไปแล้ว,ฉันไม่ได้สนใจเรื่องหมอกควัน ฉันแค่โฟกัสกับการใช้ชีวิตประจำวันของตัวเอง,ใช่ เพราะทำให้คุยกันและกินอาหารได้สะดวกกว่า,"การเผาพื้นที่เกษตรกรรมและไฟป่า, ควันจากรถยนต์เก่า รถบรรทุก และรถจักรยานยนต์, การเผาขยะ หรือการสูบบุหรี่ในที่สาธารณะ",ตรวจสอบผ่านแอปพลิเคชันพยากรณ์อากาศหรือเว็บไซต์ (เช่น IQAir / AirVisual),ใช่ ฉันเชื่อว่ามันจะดีขึ้น
R114,TH,Thai,Dummy,Dummy generated from Thai response pattern,23/05/2026 11:46:01,"มีอาการแพ้ (จาม, แสบตา/คันตา)",มากกว่า 40 ปี,"การไปนั่งเล่นกับเพื่อนตามคาเฟ่หรือสวนสาธารณะ, การเดินทางหรือไปเที่ยวรอบๆ พื้นที่แม่สอด, การทำงานหรือนั่งเรียนในพื้นที่เปิดโล่ง (Outdoor)","อุปกรณ์ทำความสะอาดภายในบ้าน, ยาหยอดตาหรือสเปรย์ฉีดจมูก","คนออกมาเดินเล่นหรือซื้อของน้อยลง, มองเห็นภูเขาหรือตึกที่อยู่ไกลออกไปได้ยาก, ทุกอย่างดูเป็นสีเทาไปหมด",กินยาภูมิแพ้,ฉันรู้สึกรำคาญใจเล็กน้อย,ไม่ หมอกควันไม่ได้ทำให้วิธีการเข้าสังคมหรือการพูดคุยกับผู้คนของฉันเปลี่ยนไป,ใช้พัดลมและเปิดหน้าต่างทิ้งไว้,ออกไปเฉพาะเวลาทำงานหรือไปหาอาหารเท่านั้น,-,ใช่ เฉพาะตอนที่ฉันเริ่มรู้สึกไม่ดีหรือเห็นฝุ่นเท่านั้น,2-3 ครั้งต่อสัปดาห์,ฉันสวมเพราะต้องการดูแลและป้องกันสุขภาพของตัวเอง,ใช่ มันกลายเป็นเรื่องปกติของทุกปีไปแล้ว,ฉันจะอยู่ที่นี่ต่อไปและยอมรับว่ามันเป็นส่วนหนึ่งของชีวิต,ใช่ ฉันรู้สึกปลอดภัยจากหมอกควันเมื่ออยู่ข้างใน,"การเผาพื้นที่เกษตรกรรมและไฟป่า, การเผาขยะ หรือการสูบบุหรี่ในที่สาธารณะ",ติดตามผ่านโซเชียลมีเดีย (เช่น กลุ่ม Facebook หรือ Line),ใช่ ฉันเชื่อว่ามันจะดีขึ้น
R115,TH,Thai,Dummy,Dummy generated from Thai response pattern,6/5/2026 5:29,"มีอาการแพ้ (จาม, แสบตา/คันตา)",ต่ำกว่า 18 ปี,"การเล่นกีฬา(ฟุตบอล, วิ่ง และอื่นๆ), การทำงานหรือนั่งเรียนในพื้นที่เปิดโล่ง (Outdoor)","หน้ากากอนามัย, เครื่องฟอกอากาศหรือแผ่นกรองอากาศใหม่","ผู้คนสวมหน้ากากอนามัยกันมากขึ้น, คนออกมาเดินเล่นหรือซื้อของน้อยลง",สวมหน้ากากอนามัย และพกสเปรย์แอลกอฮอล์,ฉันรู้สึกรำคาญใจเล็กน้อย,ไม่ หมอกควันไม่ได้ทำให้วิธีการเข้าสังคมหรือการพูดคุยกับผู้คนของฉันเปลี่ยนไป,อยู่ในห้องที่เปิดเครื่องปรับอากาศ (แอร์) และปิดหน้าต่างทุกบาน,ส่วนใหญ่จะอยู่แต่ภายในอาคาร,"ใช้ชีวิตในแต่ละวันไม่สะดวกสบาย, หายใจไม่ออกเนื่องจากมลพิษเยอะ",ใช่ เฉพาะตอนที่ฉันเริ่มรู้สึกไม่ดีหรือเห็นฝุ่นเท่านั้น,2-3 ครั้งต่อสัปดาห์,ฉันสวมเพราะต้องการดูแลและป้องกันสุขภาพของตัวเอง,"ใช่ มันกลายเป็นเรื่องปกติของทุกปีไปแล้ว, ฉันจะสังเกตเห็นเฉพาะช่วงเดือนที่ร้อนมากๆ เท่านั้น (ม.ค. - พ.ค.), ฉันพยายามที่จะไม่คิดถึงเรื่องนี้เลย",ฉันไม่ได้สนใจเรื่องหมอกควัน ฉันแค่โฟกัสกับการใช้ชีวิตประจำวันของตัวเอง,ใช่ เพราะทำให้คุยกันและกินอาหารได้สะดวกกว่า,การเผาพื้นที่เกษตรกรรมและไฟป่า,ไม่ได้ตรวจสอบ จะรู้ก็ต่อเมื่อเริ่มรู้สึกไม่สบายหรือป่วยเท่านั้น,ใช่ ฉันเชื่อว่ามันจะดีขึ้น
R116,TH,Thai,Dummy,Dummy generated from Thai response pattern,10/5/2026 16:34,"มีอาการแพ้ (จาม, แสบตา/คันตา)",ต่ำกว่า 18 ปี,"การไปนั่งเล่นกับเพื่อนตามคาเฟ่หรือสวนสาธารณะ, การทำงานหรือนั่งเรียนในพื้นที่เปิดโล่ง (Outdoor)","หน้ากากอนามัย, ใช้ไฟฟ้ามากขึ้นสำหรับพัดลมหรือเครื่องปรับอากาศ (แอร์)","ผู้คนสวมหน้ากากอนามัยกันมากขึ้น, คนออกมาเดินเล่นหรือซื้อของน้อยลง, มองเห็นภูเขาหรือตึกที่อยู่ไกลออกไปได้ยาก",สวมหน้ากากอนามัย และพกสเปรย์แอลกอฮอล์,ฉันรู้สึกรำคาญใจเล็กน้อย,ใช่ บางครั้งฉันพูดน้อยลงเพราะต้องการใส่หน้ากากอนามัยไว้ตลอดเวลา,อยู่ในห้องที่เปิดเครื่องปรับอากาศ (แอร์) และปิดหน้าต่างทุกบาน,ออกไปเฉพาะเวลาทำงานหรือไปหาอาหารเท่านั้น,"ใช้ชีวิตในแต่ละวันไม่สะดวกสบาย, หายใจไม่ออกเนื่องจากมลพิษเยอะ",ใช่ เฉพาะตอนที่ฉันเริ่มรู้สึกไม่ดีหรือเห็นฝุ่นเท่านั้น,2-3 ครั้งต่อสัปดาห์,ฉันสวมเพราะต้องการดูแลและป้องกันสุขภาพของตัวเอง,ใช่ มันกลายเป็นเรื่องปกติของทุกปีไปแล้ว,ฉันอยากย้ายออกไป แต่ไม่มีทางเลือกเพราะเรื่องงานหรือเรื่องเรียน,ใช่ เพราะทำให้คุยกันและกินอาหารได้สะดวกกว่า,"การเผาพื้นที่เกษตรกรรมและไฟป่า, ควันจากรถยนต์เก่า รถบรรทุก และรถจักรยานยนต์",ไม่ได้ตรวจสอบ จะรู้ก็ต่อเมื่อเริ่มรู้สึกไม่สบายหรือป่วยเท่านั้น,ใช่ ฉันเชื่อว่ามันจะดีขึ้น
R117,TH,Thai,Dummy,Dummy generated from Thai response pattern,14/05/2026 21:38:32,"รู้สึกป่วย, เหนื่อยล้า หรือเวียนหัว",18-25 ปี,"การเล่นกีฬา(ฟุตบอล, วิ่ง และอื่นๆ), การออกกำลังกายหรือเดินเล่นนอกบ้าน","หน้ากากอนามัย, อุปกรณ์ทำความสะอาดภายในบ้าน",ไม่มีการเปลี่ยนแปลงใดๆ,สวมหน้ากากอนามัย และพกสเปรย์แอลกอฮอล์,ฉันรู้สึกรำคาญใจเล็กน้อย,ไม่ หมอกควันไม่ได้ทำให้วิธีการเข้าสังคมหรือการพูดคุยกับผู้คนของฉันเปลี่ยนไป,อยู่ในห้องที่เปิดเครื่องปรับอากาศ (แอร์) และปิดหน้าต่างทุกบาน,น้อยลงกว่าเดิมเล็กน้อย,เกะกะ,ไม่ ปกติฉันก็แทบจะไม่ใส่หน้ากากอยู่แล้ว,2-3 ครั้งต่อสัปดาห์,ฉันไม่สวมหน้ากากเลย เพราะไม่มีใครบังคับ,ใช่ มันกลายเป็นเรื่องปกติของทุกปีไปแล้ว,ฉันคิดว่าพื้นที่นี้ยังคงดีกว่าจังหวัดอื่นๆ,ใช่ เพราะทำให้คุยกันและกินอาหารได้สะดวกกว่า,"การเผาพื้นที่เกษตรกรรมและไฟป่า, ควันจากรถยนต์เก่า รถบรรทุก และรถจักรยานยนต์, การเผาขยะ หรือการสูบบุหรี่ในที่สาธารณะ",ตรวจสอบผ่านแอปพลิเคชันพยากรณ์อากาศหรือเว็บไซต์ (เช่น IQAir / AirVisual),ไม่ ฉันคิดว่ามันจะเหมือนเดิมหรือแย่ลงกว่าเดิม
R118,TH,Thai,Dummy,Dummy generated from Thai response pattern,2/5/2026 7:12,มีปัญหาทางด้านการหายใจหรือระบบทางเดินหายใจ,ต่ำกว่า 18 ปี,"การเล่นกีฬา(ฟุตบอล, วิ่ง และอื่นๆ), การออกกำลังกายหรือเดินเล่นนอกบ้าน",หน้ากากอนามัย,"ผู้คนสวมหน้ากากอนามัยกันมากขึ้น, อากาศมีกลิ่นเหมือนการเผาไหม้หรือกลิ่นควันไม้, มองเห็นภูเขาหรือตึกที่อยู่ไกลออกไปได้ยาก, ทุกอย่างดูเป็นสีเทาไปหมด",สวมหน้ากากอนามัย และพกสเปรย์แอลกอฮอล์,ฉันรู้สึกเครียดและกังวลมาก,ใช่ บางครั้งฉันพูดน้อยลงเพราะต้องการใส่หน้ากากอนามัยไว้ตลอดเวลา,อยู่ในห้องที่เปิดเครื่องปรับอากาศ (แอร์) และปิดหน้าต่างทุกบาน,น้อยลงกว่าเดิมเล็กน้อย,ไม่ทราบ,ใช่ เฉพาะตอนที่ฉันเริ่มรู้สึกไม่ดีหรือเห็นฝุ่นเท่านั้น,ทุกวัน,ฉันสวมบ้างเป็นบางครั้ง แต่จะถอดออกเมื่อไม่ได้อยู่ที่ทำงาน,ใช่ มันกลายเป็นเรื่องปกติของทุกปีไปแล้ว,ฉันจะอยู่ที่นี่ต่อไปและยอมรับว่ามันเป็นส่วนหนึ่งของชีวิต,สวมใส่ตลอดเวลา,ควันลอยมาจากพื้นที่ฝั่งประเทศเพื่อนบ้าน (ข้ามพรมแดน),ตรวจสอบผ่านแอปพลิเคชันพยากรณ์อากาศหรือเว็บไซต์ (เช่น IQAir / AirVisual),ใช่ ฉันเชื่อว่ามันจะดีขึ้น
R119,TH,Thai,Dummy,Dummy generated from Thai response pattern,20/05/2026 11:56:13,มีปัญหาทางด้านการหายใจหรือระบบทางเดินหายใจ,18-25 ปี,การเดินทางหรือไปเที่ยวรอบๆ พื้นที่แม่สอด,หน้ากากอนามัย,"ผู้คนสวมหน้ากากอนามัยกันมากขึ้น, อากาศมีกลิ่นเหมือนการเผาไหม้หรือกลิ่นควันไม้, มองเห็นภูเขาหรือตึกที่อยู่ไกลออกไปได้ยาก, ทุกอย่างดูเป็นสีเทาไปหมด",เดินทางโดยรถยนต์ (ปิดกระจก),ฉันรู้สึกรำคาญใจเล็กน้อย,ไม่ หมอกควันไม่ได้ทำให้วิธีการเข้าสังคมหรือการพูดคุยกับผู้คนของฉันเปลี่ยนไป,อยู่ในห้องที่เปิดเครื่องปรับอากาศ (แอร์) และปิดหน้าต่างทุกบาน,ส่วนใหญ่จะอยู่แต่ภายในอาคาร,เพราะไม่รู้ถึงผลที่จะตามมา,ใช่ เฉพาะตอนที่ฉันเริ่มรู้สึกไม่ดีหรือเห็นฝุ่นเท่านั้น,ทุกวัน,ฉันสวมบ้างเป็นบางครั้ง แต่จะถอดออกเมื่อไม่ได้อยู่ที่ทำงาน,ใช่ มันกลายเป็นเรื่องปกติของทุกปีไปแล้ว,ฉันไม่ได้สนใจเรื่องหมอกควัน ฉันแค่โฟกัสกับการใช้ชีวิตประจำวันของตัวเอง,ไม่ ฉันคิดว่าไม่จำเป็นต้องสวมหน้ากากเมื่ออยู่ในอาคารอยู่แล้ว,การเผาขยะ หรือการสูบบุหรี่ในที่สาธารณะ,ตรวจสอบผ่านแอปพลิเคชันพยากรณ์อากาศหรือเว็บไซต์ (เช่น IQAir / AirVisual),ใช่ ฉันเชื่อว่ามันจะดีขึ้น
R120,TH,Thai,Dummy,Dummy generated from Thai response pattern,8/5/2026 11:46,"มีอาการแพ้ (จาม, แสบตา/คันตา)",มากกว่า 40 ปี,"การเล่นกีฬา(ฟุตบอล, วิ่ง และอื่นๆ), การเดินทางหรือไปเที่ยวรอบๆ พื้นที่แม่สอด, การทำงานหรือนั่งเรียนในพื้นที่เปิดโล่ง (Outdoor)",หน้ากากอนามัย,"ผู้คนสวมหน้ากากอนามัยกันมากขึ้น, คนออกมาเดินเล่นหรือซื้อของน้อยลง, ทุกอย่างดูเป็นสีเทาไปหมด",สวมหน้ากากอนามัย และพกสเปรย์แอลกอฮอล์,ฉันรู้สึกรำคาญใจเล็กน้อย,ไม่ส่งผล,อยู่ในห้องที่เปิดเครื่องปรับอากาศ (แอร์) และปิดหน้าต่างทุกบาน,ออกไปเฉพาะเวลาทำงานหรือไปหาอาหารเท่านั้น,อึดอัด,ใช่ เฉพาะตอนที่ฉันเริ่มรู้สึกไม่ดีหรือเห็นฝุ่นเท่านั้น,2-3 ครั้งต่อสัปดาห์,ฉันสวมบ้างเป็นบางครั้ง แต่จะถอดออกเมื่อไม่ได้อยู่ที่ทำงาน,"ใช่ มันกลายเป็นเรื่องปกติของทุกปีไปแล้ว, ฉันจะสังเกตเห็นเฉพาะช่วงเดือนที่ร้อนมากๆ เท่านั้น (ม.ค. - พ.ค.)",ฉันคิดว่าพื้นที่นี้ยังคงดีกว่าจังหวัดอื่นๆ,ใช่ เพราะทำให้คุยกันและกินอาหารได้สะดวกกว่า,"การเผาพื้นที่เกษตรกรรมและไฟป่า, ควันจากรถยนต์เก่า รถบรรทุก และรถจักรยานยนต์, การเผาขยะ หรือการสูบบุหรี่ในที่สาธารณะ",สังเกตจากท้องฟ้าหรือกลุ่มก้อนเมฆด้วยตาเปล่า,ไม่ ฉันคิดว่ามันจะเหมือนเดิมหรือแย่ลงกว่าเดิม
R121,TH,Thai,Dummy,Dummy generated from Thai response pattern,6/5/2026 9:43,"มีอาการแพ้ (จาม, แสบตา/คันตา), มีปัญหาทางด้านการหายใจหรือระบบทางเดินหายใจ",18-25 ปี,การออกกำลังกายหรือเดินเล่นนอกบ้าน,หน้ากากอนามัย,"อากาศมีกลิ่นเหมือนการเผาไหม้หรือกลิ่นควันไม้, ทุกอย่างดูเป็นสีเทาไปหมด","สวมหน้ากากอนามัย และพกสเปรย์แอลกอฮอล์, เดินทางโดยรถยนต์ (ปิดกระจก)",ฉันรู้สึกเศร้าหรือหดหู่เพราะท้องฟ้าที่เป็นสีเทา,ไม่ หมอกควันไม่ได้ทำให้วิธีการเข้าสังคมหรือการพูดคุยกับผู้คนของฉันเปลี่ยนไป,อยู่ในห้องที่เปิดเครื่องปรับอากาศ (แอร์) และปิดหน้าต่างทุกบาน,ส่วนใหญ่จะอยู่แต่ภายในอาคาร,ไม่ตระหนักทุกปัญหามากเท่าที่ควร,ไม่ ฉันใส่หน้ากากตลอดเวลาเพื่อความปลอดภัย,ไม่เคยเลย,ฉันสวมเพราะต้องการดูแลและป้องกันสุขภาพของตัวเอง,ใช่ มันกลายเป็นเรื่องปกติของทุกปีไปแล้ว,ฉันอยากย้ายออกไป แต่ไม่มีทางเลือกเพราะเรื่องงานหรือเรื่องเรียน,ใช่ ฉันรู้สึกปลอดภัยจากหมอกควันเมื่ออยู่ข้างใน,"การเผาพื้นที่เกษตรกรรมและไฟป่า, การเผาขยะ หรือการสูบบุหรี่ในที่สาธารณะ",ตรวจสอบผ่านแอปพลิเคชันพยากรณ์อากาศหรือเว็บไซต์ (เช่น IQAir / AirVisual),ใช่ ฉันเชื่อว่ามันจะดีขึ้น
R122,TH,Thai,Dummy,Dummy generated from Thai response pattern,22/05/2026 10:05:08,"มีอาการแพ้ (จาม, แสบตา/คันตา), มีปัญหาทางด้านการหายใจหรือระบบทางเดินหายใจ",ต่ำกว่า 18 ปี,"การเล่นกีฬา(ฟุตบอล, วิ่ง และอื่นๆ), การออกกำลังกายหรือเดินเล่นนอกบ้าน","หน้ากากอนามัย, อุปกรณ์ทำความสะอาดภายในบ้าน, ยาหยอดตาหรือสเปรย์ฉีดจมูก","อากาศมีกลิ่นเหมือนการเผาไหม้หรือกลิ่นควันไม้, มองเห็นภูเขาหรือตึกที่อยู่ไกลออกไปได้ยาก, ทุกอย่างดูเป็นสีเทาไปหมด",สวมหน้ากากอนามัย และพกสเปรย์แอลกอฮอล์,ฉันรู้สึกรำคาญใจเล็กน้อย,ใช่ บางครั้งฉันพูดน้อยลงเพราะต้องการใส่หน้ากากอนามัยไว้ตลอดเวลา,อยู่ในห้องที่เปิดเครื่องปรับอากาศ (แอร์) และปิดหน้าต่างทุกบาน,ใช้เวลาเท่าเดิมตามปกติ,อาจจะเป็นเพราะไม่อยากซื้อหน้ากากอนามัยหรือใส่แล้วอึดอัด,ใช่ เฉพาะตอนที่ฉันเริ่มรู้สึกไม่ดีหรือเห็นฝุ่นเท่านั้น,ทุกวัน,ฉันสวมเฉพาะเมื่อที่ทำงาน โรงเรียน หรือร้านค้าบังคับให้ใส่เท่านั้น,ไม่ ฉันยังรู้สึกว่ามันเป็นปัญหาที่อันตรายและไม่ควรเป็นเรื่องปกติ,ฉันไม่ได้สนใจเรื่องหมอกควัน ฉันแค่โฟกัสกับการใช้ชีวิตประจำวันของตัวเอง,ใช่ ฉันรู้สึกปลอดภัยจากหมอกควันเมื่ออยู่ข้างใน,การเผาพื้นที่เกษตรกรรมและไฟป่า,สังเกตจากท้องฟ้าหรือกลุ่มก้อนเมฆด้วยตาเปล่า,ไม่ ฉันคิดว่ามันจะเหมือนเดิมหรือแย่ลงกว่าเดิม
R123,TH,Thai,Dummy,Dummy generated from Thai response pattern,21/05/2026 12:40:48,มีปัญหาทางด้านการหายใจหรือระบบทางเดินหายใจ,ต่ำกว่า 18 ปี,การออกกำลังกายหรือเดินเล่นนอกบ้าน,ยาแก้ไอหรือยาแก้แพ้,อากาศมีกลิ่นเหมือนการเผาไหม้หรือกลิ่นควันไม้,สวมหน้ากากอนามัย และพกสเปรย์แอลกอฮอล์,ฉันรู้สึกรำคาญใจเล็กน้อย,ใช่ บางครั้งฉันพูดน้อยลงเพราะต้องการใส่หน้ากากอนามัยไว้ตลอดเวลา,อยู่ในห้องที่เปิดเครื่องปรับอากาศ (แอร์) และปิดหน้าต่างทุกบาน,ใช้เวลาเท่าเดิมตามปกติ,ไม่รู้,ใช่ เฉพาะตอนที่ฉันเริ่มรู้สึกไม่ดีหรือเห็นฝุ่นเท่านั้น,เฉพาะช่วงที่อากาศแย่มากๆ,ฉันสวมเพราะต้องการดูแลและป้องกันสุขภาพของตัวเอง,ไม่ ฉันยังรู้สึกว่ามันเป็นปัญหาที่อันตรายและไม่ควรเป็นเรื่องปกติ,ฉันคิดว่าพื้นที่นี้ยังคงดีกว่าจังหวัดอื่นๆ,ฉันจะสวมหน้ากากก็ต่อเมื่อมีคนอยู่รอบๆจำนวนมากเท่านั้น,การเผาพื้นที่เกษตรกรรมและไฟป่า,ติดตามผ่านโซเชียลมีเดีย (เช่น กลุ่ม Facebook หรือ Line),ใช่ ฉันเชื่อว่ามันจะดีขึ้น
R124,EN,English,Dummy,Dummy generated from English response pattern,11/5/2026 22:37,"Allergic reactions (sneezing, itchy eyes), Breathing problems or respiratory issues, nosebleed",26-40,"Playing sports outdoors (football, running, etc.), Exercising or walking outside",No,More people are wearing masks,"wear a mask, bring alcohol spray",I feel normal / calm,"No, the smoke doesn't change how I socialize or talk to people.",Stay in a room with AC turned on with all windows closed.,Same as usual,Atmosphere level is dirty but don't impact to people for now,"No, I wear one all the time to stay safe.",Few times a week,I wear it because I want to protect my health.,"Yes, it's just a normal part of every year now","I don't care about the smoke, I just focus on my daily life.","Yes, it is easier to talk and eat without it",Burning of agricultural fields and forests,Through a weather app or website (IQAir / AirVisual),It will improve if consistent efforts are made by both the government and the community.
R125,EN,English,Dummy,Dummy generated from English response pattern,24/05/2026 03:07:45,"Feeling sick, tired, or dizzy overall",Over 40,"Playing sports outdoors (football, running, etc.), Working or studying in outdoor areas",No,More people are wearing masks,travel by a car,I feel a little bit annoyed,"No, the smoke doesn't change how I socialize or talk to people.",Use fans and keep the window open.,Only for work or food.,Perhaps they are not used to it or they think that it is not that serious.,"Yes, only when I feel bad or see dust.",Few times a week,I wear it because I want to protect my health.,"Yes, it's just a normal part of every year now",I will stay here and just accept it as part of life.,"Yes, I feel safe from the smoke inside","Burning of agricultural fields and forests, Smoke coming from across the border / areas",I just look at the sky or clouds with my own eyes,"Yes, I believe it will get better."
R126,EN,English,Dummy,Dummy generated from English response pattern,10/5/2026 2:47,Breathing problems or respiratory issues,18-25,Working or studying in outdoor areas,Face masks,"The air smells like like burning or woodsmoke, The mountains or far-away buildings are hard to see, Everything looks grey","wear a mask, bring alcohol spray, travel by a car",I feel a little bit annoyed,"Yes, sometimes I talk less because I want to keep my mask on.",Stay in a room with AC turned on with all windows closed.,I like to go public area but I'm busy to go,Only few people really care about smoke in the environment. Many people do not pay attention to bad air quality in surroundings.,"Yes, only when I feel bad or see dust.",Everyday,"I wear it sometimes, but take it off when I'm not at work.",I only notice it during the very hot months (Jan-May),"I don't care about the smoke, I just focus on my daily life.","Yes, I feel safe from the smoke inside","Burning of agricultural fields and forests, Smoke coming from across the border / areas, Mountainous geography",I check through social media (Facebook/Line groups),"Yes, I believe it will get better."
R127,EN,English,Dummy,Dummy generated from English response pattern,21/05/2026 16:46:02,"Allergic reactions (sneezing, itchy eyes)",Under 18,"Playing sports outdoors (football, running, etc.)","Face masks, More electricity for fans or Air Conditioning (AC)","More people are wearing masks, Fewer people are walking around or shopping, The mountains or far-away buildings are hard to see, Everything looks grey",travel by a car,I feel a little bit annoyed,"it depends on the person. Some people are highly sensitive to environmental stressors, while others are more stoic or may not even notice the shift.",Stay in a room with AC turned on with all windows closed.,Same as usual,Less awareness for bad impact of air pollution,"No, I wear one all the time to stay safe.",Everyday,I wear it because I want to protect my health.,"Yes, it's just a normal part of every year now",I think this area is still better than other provinces.,"Yes, it is easier to talk and eat without it","Smoke from old cars, trucks, and motorcycles, Smoke coming from across the border / areas",Through a weather app or website (IQAir / AirVisual),"Yes, I believe it will get better."
R128,EN,English,Dummy,Dummy generated from English response pattern,17/05/2026 11:51:40,"Feeling sick, tired, or dizzy overall",Over 40,"Exercising or walking outside, Running","Face masks, Indoor cleaning supplies, More electricity for fans or Air Conditioning (AC), Air purifier or new filters, Medicines for cough or allergies","More people are wearing masks, The mountains or far-away buildings are hard to see, Everything looks grey","wear a mask, bring alcohol spray, travel by a car",I feel a little bit annoyed,"Yes, sometimes I talk less because I want to keep my mask on.","Use fans and keep the window open., Stay in a room with AC turned on with all windows closed.",Only for work or food.,"Because masks can be annoying, and also not everyone wants to wear them because it might be uncomfortable","No, I wear one all the time to stay safe.",Everyday,I wear it because I want to protect my health.,"No, I still feel it is a dangerous and unusual problem","I want to leave, but I have no choice because of my work or school.","Yes, it is easier to talk and eat without it",Burning of agricultural fields and forests,I just look at the sky or clouds with my own eyes,"Yes, I believe it will get better."
R129,EN,English,Dummy,Dummy generated from English response pattern,17/05/2026 15:46:03,"Allergic reactions (sneezing, itchy eyes), Breathing problems or respiratory issues, Feeling sick, tired, or dizzy overall, Sleepy, Inactive and Drowsy",26-40,"Playing sports outdoors (football, running, etc.), Exercising or walking outside",Medicines for cough or allergies,"More people are wearing masks, Fewer people are walking around or shopping, The mountains or far-away buildings are hard to see, Everything looks grey",Checking air quality apps before leaving the house and minimizing time spent outdoors,I feel normal / calm,"No, the smoke doesn't change how I socialize or talk to people.",Stay in a room with AC turned on with all windows closed.,Staying inside mostly.,They don’t like using mask unless they feel they need it .,"Yes, only when I feel bad or see dust.",Everyday,I wear it because I want to protect my health.,"No, I still feel it is a dangerous and unusual problem",I think this area is still better than other provinces.,"Yes, it is easier to talk and eat without it",Burning of agricultural fields and forests,Through a weather app or website (IQAir / AirVisual),"No, I think it will stay the same or get worse."
R130,EN,English,Dummy,Dummy generated from English response pattern,19/05/2026 21:37:06,"Feeling sick, tired, or dizzy overall",26-40,Working or studying in outdoor areas,Face masks,"More people are wearing masks, Fewer people are walking around or shopping, The mountains or far-away buildings are hard to see, Everything looks grey","wear a mask, bring alcohol spray",I feel a little bit annoyed,"Yes, sometimes I talk less because I want to keep my mask on.",Stay in a room with AC turned on with all windows closed.,Only for work or food.,Maybe for personal reason,"No, I wear one all the time to stay safe.",Everyday,I wear it because I want to protect my health.,"Yes, it's just a normal part of every year now",I think this area is still better than other provinces.,"No, I don't feel it is necessary to wear a mask indoors","Burning of agricultural fields and forests, Smoke from old cars, trucks, and motorcycles, Burning trash or smoking cigarettes in public, Smoke coming from across the border / areas",I check through social media (Facebook/Line groups),"No, I think it will stay the same or get worse."
R131,EN,English,Dummy,Dummy generated from English response pattern,23/05/2026 09:51:14,"Allergic reactions (sneezing, itchy eyes), Breathing problems or respiratory issues, nosebleed",26-40,Exercising or walking outside,"Face masks, Eye drops or nasal spray, Medicines for cough or allergies",More people are wearing masks,"wear a mask, bring alcohol spray",I feel a little bit annoyed,"No, the smoke doesn't change how I socialize or talk to people.",Stay in a room with AC turned on with all windows closed.,Staying inside mostly.,Atmosphere level is dirty but don't impact to people for now,"Yes, only when I feel bad or see dust.",Few times a week,I wear it because I want to protect my health.,"No, I still feel it is a dangerous and unusual problem",I will stay here and just accept it as part of life.,"Yes, I feel safe from the smoke inside","Burning of agricultural fields and forests, Smoke from old cars, trucks, and motorcycles, Burning trash or smoking cigarettes in public, Smoke coming from across the border / areas",Through a weather app or website (IQAir / AirVisual),"Yes, I believe it will get better."
R132,EN,English,Dummy,Dummy generated from English response pattern,4/5/2026 7:28,Breathing problems or respiratory issues,Under 18,"Playing sports outdoors (football, running, etc.), Hanging out with friends at cafes or parks, Traveling or going on trips around Maesot, Working or studying in outdoor areas, Exercising or walking outside","Face masks, More electricity for fans or Air Conditioning (AC)","More people are wearing masks, Fewer people are walking around or shopping, The mountains or far-away buildings are hard to see, Everything looks grey","wear a mask, bring alcohol spray",I feel a little bit annoyed,"No, the smoke doesn't change how I socialize or talk to people.","Stay in a room with AC turned on with all windows closed., Stay in a room with air purifier",Same as usual,"As the weather is hot, wearing mask outdoors can be very uncomfortable. Some people probably cannot afford buying masks. For me personally, I don’t want to wear masks for a long time as they irritate my skin and cause acne problems.","Yes, only when I feel bad or see dust.",Few times a week,I wear it because I want to protect my health.,I try not to think about it at all,I will stay here and just accept it as part of life.,"Yes, it is easier to talk and eat without it","Burning of agricultural fields and forests, Smoke coming from across the border / areas",Through a weather app or website (IQAir / AirVisual),"No, I think it will stay the same or get worse."
R133,EN,English,Dummy,Dummy generated from English response pattern,14/05/2026 12:28:19,Breathing problems or respiratory issues,Over 40,"Working or studying in outdoor areas, Exercising or walking outside","Indoor cleaning supplies, Air purifier or new filters",More people are wearing masks,"wear a mask, bring alcohol spray, travel by a car",I feel very stressed and worried,"Yes, sometimes I talk less because I want to keep my mask on.",Stay in a room with AC turned on with all windows closed.,Staying inside mostly.,They don't know the dangers of dust.,"No, I rarely wear one anyway.",Everyday,I wear it because I want to protect my health.,"Yes, it's just a normal part of every year now","I want to leave, but I have no choice because of my work or school.","Yes, I feel safe from the smoke inside",Burning of agricultural fields and forests,I check through social media (Facebook/Line groups),"Yes, I believe it will get better."
R134,EN,English,Dummy,Dummy generated from English response pattern,14/05/2026 17:41:33,"Allergic reactions (sneezing, itchy eyes)",26-40,Working or studying in outdoor areas,No,"More people are wearing masks, The mountains or far-away buildings are hard to see, Everything looks grey",travel by a car,I feel normal / calm,"Yes, sometimes I talk less because I want to keep my mask on.",Stay in a room with AC turned on with all windows closed.,Only for work or food.,Maybe for personal reason,"Yes, only when I feel bad or see dust.",Everyday,I wear it because I want to protect my health.,I only notice it during the very hot months (Jan-May),"I want to leave, but I have no choice because of my work or school.","Yes, it is easier to talk and eat without it","Burning of agricultural fields and forests, Smoke from old cars, trucks, and motorcycles, Burning trash or smoking cigarettes in public",Through a weather app or website (IQAir / AirVisual),It will improve if consistent efforts are made by both the government and the community.
R135,EN,English,Dummy,Dummy generated from English response pattern,1/5/2026 10:14,"Allergic reactions (sneezing, itchy eyes)",26-40,Hanging out with friends at cafes or parks,"Indoor cleaning supplies, Air purifier or new filters","More people are wearing masks, The air smells like like burning or woodsmoke, The mountains or far-away buildings are hard to see, Everything looks grey","wear a mask, bring alcohol spray",I feel normal / calm,"Yes, sometimes I talk less because I want to keep my mask on.",Open all windows and doors to let the air flow.,I like to go public area but I'm busy to go,They think that they do not need,"Yes, only when I feel bad or see dust.",Everyday,I wear it because I want to protect my health.,I only notice it during the very hot months (Jan-May),"I want to leave, but I have no choice because of my work or school.","Yes, it is easier to talk and eat without it",Burning of agricultural fields and forests,Through a weather app or website (IQAir / AirVisual),"No, I think it will stay the same or get worse."
R136,EN,English,Dummy,Dummy generated from English response pattern,4/5/2026 12:11,"Feeling sick, tired, or dizzy overall",Over 40,"Playing sports outdoors (football, running, etc.), Working or studying in outdoor areas","Face masks, Eye drops or nasal spray, Medicines for cough or allergies","More people are wearing masks, The air smells like like burning or woodsmoke, The mountains or far-away buildings are hard to see, Everything looks grey","wear a mask, bring alcohol spray, travel by a car",I feel a little bit annoyed,"Yes, sometimes I talk less because I want to keep my mask on.",Stay in a room with AC turned on with all windows closed.,Same as usual,They might feel annoying and uncomfortable.,"No, I wear one all the time to stay safe.",Few times a week,I wear it because I want to protect my health.,I only notice it during the very hot months (Jan-May),I think this area is still better than other provinces.,"Yes, it is easier to talk and eat without it","Burning of agricultural fields and forests, Smoke from old cars, trucks, and motorcycles, Burning trash or smoking cigarettes in public",I check through social media (Facebook/Line groups),"No, I think it will stay the same or get worse."
R137,EN,English,Dummy,Dummy generated from English response pattern,13/05/2026 06:34:57,"Feeling sick, tired, or dizzy overall",Under 18,"Playing sports outdoors (football, running, etc.), Traveling or going on trips around Maesot, Working or studying in outdoor areas, Exercising or walking outside","Face masks, Eye drops or nasal spray",More people are wearing masks,"wear a mask, bring alcohol spray, travel by a car",I feel normal / calm,"Yes, sometimes I talk less because I want to keep my mask on.","Open all windows and doors to let the air flow., Use fans and keep the window open., Stay in a room with AC turned on with all windows closed.",Staying inside mostly.,Atmosphere level is dirty but don't impact to people for now,"Yes, only when I feel bad or see dust.",Everyday,"I don't wear a mask, no one forces me to.",I only notice it during the very hot months (Jan-May),"I want to leave, but I have no choice because of my work or school.","Yes, it is easier to talk and eat without it",Burning of agricultural fields and forests,I check through social media (Facebook/Line groups),"Yes, I believe it will get better."
R138,EN,English,Dummy,Dummy generated from English response pattern,6/5/2026 22:55,"Allergic reactions (sneezing, itchy eyes)",Under 18,"Playing sports outdoors (football, running, etc.), Traveling or going on trips around Maesot, Exercising or walking outside","Face masks, Eye drops or nasal spray, Air purifier or new filters, Tissue paper",More people are wearing masks,"wear a mask, bring alcohol spray, travel by a car",I feel a little bit annoyed,"Yes, sometimes I talk less because I want to keep my mask on.","Stay in a room with AC turned on with all windows closed., Stay in a room with air purifier",Only for work or food.,"In my opinion, many people do not wear masks outside due to discomfort, especially in hot weather, and a lack of awareness about the impact of air pollution on health.","Yes, only when I feel bad or see dust.",Everyday,I wear it because I want to protect my health.,"Yes, it's just a normal part of every year now","I want to leave, but I have no choice because of my work or school.","Yes, it is easier to talk and eat without it","Burning of agricultural fields and forests, Smoke from old cars, trucks, and motorcycles, Burning trash or smoking cigarettes in public, Smoke coming from across the border / areas",I check through social media (Facebook/Line groups),"No, I think it will stay the same or get worse."
R139,EN,English,Dummy,Dummy generated from English response pattern,5/5/2026 2:49,"Feeling sick, tired, or dizzy overall",Over 40,"Playing sports outdoors (football, running, etc.), Hanging out with friends at cafes or parks, Traveling or going on trips around Maesot, Working or studying in outdoor areas, Exercising or walking outside",Face masks,"The air smells like like burning or woodsmoke, The mountains or far-away buildings are hard to see, Everything looks grey","wear a mask, bring alcohol spray",I feel very stressed and worried,"Yes, sometimes I talk less because I want to keep my mask on.",Stay in a room with AC turned on with all windows closed.,Only for work or food.,"As the weather is hot, wearing mask outdoors can be very uncomfortable. Some people probably cannot afford buying masks. For me personally, I don’t want to wear masks for a long time as they irritate my skin and cause acne problems.","Yes, only when I feel bad or see dust.",Few times a week,"I wear it sometimes, but take it off when I'm not at work.",I try not to think about it at all,"I want to leave, but I have no choice because of my work or school.","Yes, it is easier to talk and eat without it",Burning of agricultural fields and forests,Through a weather app or website (IQAir / AirVisual),"No, I think it will stay the same or get worse."
R140,EN,English,Dummy,Dummy generated from English response pattern,4/5/2026 19:25,Breathing problems or respiratory issues,Under 18,Exercising or walking outside,"Face masks, Air purifier or new filters",More people are wearing masks,"wear a mask, bring alcohol spray",I feel a little bit annoyed,"No, the smoke doesn't change how I socialize or talk to people.",Stay in a room with AC turned on with all windows closed.,Only for work or food.,They don’t like using mask unless they feel they need it .,"Yes, only when I feel bad or see dust.",Few times a week,I wear it because I want to protect my health.,I try not to think about it at all,"I want to leave, but I have no choice because of my work or school.","No, I don't feel it is necessary to wear a mask indoors","Burning of agricultural fields and forests, Smoke from old cars, trucks, and motorcycles, Burning trash or smoking cigarettes in public",I check through social media (Facebook/Line groups),"No, I think it will stay the same or get worse."
R141,EN,English,Dummy,Dummy generated from English response pattern,15/05/2026 19:36:14,"Allergic reactions (sneezing, itchy eyes), Feeling sick, tired, or dizzy overall",Over 40,"Playing sports outdoors (football, running, etc.), Traveling or going on trips around Maesot, Exercising or walking outside",Face masks,"More people are wearing masks, Fewer people are walking around or shopping, The mountains or far-away buildings are hard to see, Everything looks grey","wear a mask, bring alcohol spray",I feel very stressed and worried,"No, the smoke doesn't change how I socialize or talk to people.","Stay in a room with AC turned on with all windows closed., Stay in a room with air purifier",Staying inside mostly.,Less awareness for bad impact of air pollution,"Yes, only when I feel bad or see dust.",Everyday,I wear it because I want to protect my health.,"Yes, it's just a normal part of every year now",I think this area is still better than other provinces.,"Yes, it is easier to talk and eat without it","Burning of agricultural fields and forests, Smoke from old cars, trucks, and motorcycles",I just look at the sky or clouds with my own eyes,"No, I think it will stay the same or get worse."
R142,EN,English,Dummy,Dummy generated from English response pattern,9/5/2026 2:55,"Feeling sick, tired, or dizzy overall",26-40,"Playing sports outdoors (football, running, etc.), Hanging out with friends at cafes or parks, Traveling or going on trips around Maesot, Working or studying in outdoor areas, Exercising or walking outside","Face masks, Eye drops or nasal spray","More people are wearing masks, Fewer people are walking around or shopping, The mountains or far-away buildings are hard to see, Everything looks grey",travel by a car,I feel a little bit annoyed,"No, the smoke doesn't change how I socialize or talk to people.",Stay in a room with AC turned on with all windows closed.,Staying inside mostly.,They don't know the dangers of dust.,"Yes, only when I feel bad or see dust.",Few times a week,I wear it because I want to protect my health.,"No, I still feel it is a dangerous and unusual problem","I want to leave, but I have no choice because of my work or school.","Yes, it is easier to talk and eat without it","Burning of agricultural fields and forests, Smoke from old cars, trucks, and motorcycles, Burning trash or smoking cigarettes in public",I check through social media (Facebook/Line groups),"No, I think it will stay the same or get worse."
R143,EN,English,Dummy,Dummy generated from English response pattern,11/5/2026 2:44,"Allergic reactions (sneezing, itchy eyes), Feeling sick, tired, or dizzy overall",26-40,"Playing sports outdoors (football, running, etc.), Hanging out with friends at cafes or parks, Traveling or going on trips around Maesot, Working or studying in outdoor areas, Exercising or walking outside",I didn't buy items because it didn't impact to me,"More people are wearing masks, The mountains or far-away buildings are hard to see, Everything looks grey","wear a mask, bring alcohol spray",I feel a little bit annoyed,"No, the smoke doesn't change how I socialize or talk to people.",Open all windows and doors to let the air flow.,A little less than before.,Less awareness for bad impact of air pollution,"Yes, only when I feel bad or see dust.",Everyday,I wear it because I want to protect my health.,"No, I still feel it is a dangerous and unusual problem","I want to leave, but I have no choice because of my work or school.","Yes, it is easier to talk and eat without it","Burning of agricultural fields and forests, Smoke from old cars, trucks, and motorcycles, Burning trash or smoking cigarettes in public",I check through social media (Facebook/Line groups),"No, I think it will stay the same or get worse."
R144,EN,English,Dummy,Dummy generated from English response pattern,17/05/2026 02:21:25,"Allergic reactions (sneezing, itchy eyes), Feeling sick, tired, or dizzy overall",Over 40,"Hanging out with friends at cafes or parks, Traveling or going on trips around Maesot","More electricity for fans or Air Conditioning (AC), Air purifier or new filters, Medicines for cough or allergies","More people are wearing masks, The mountains or far-away buildings are hard to see, Everything looks grey","wear a mask, bring alcohol spray",I feel a little bit annoyed,"No, the smoke doesn't change how I socialize or talk to people.",Stay in a room with AC turned on with all windows closed.,Only for work or food.,Maybe for personal reason,"Yes, only when I feel bad or see dust.",Everyday,I wear it because I want to protect my health.,"No, I still feel it is a dangerous and unusual problem","I want to leave, but I have no choice because of my work or school.","Yes, it is easier to talk and eat without it",Burning of agricultural fields and forests,Through a weather app or website (IQAir / AirVisual),It will improve if consistent efforts are made by both the government and the community.
R145,EN,English,Dummy,Dummy generated from English response pattern,22/05/2026 11:03:55,Breathing problems or respiratory issues,Over 40,"Playing sports outdoors (football, running, etc.), Hanging out with friends at cafes or parks, Traveling or going on trips around Maesot, Working or studying in outdoor areas, Exercising or walking outside",Face masks,"More people are wearing masks, Fewer people are walking around or shopping, The air smells like like burning or woodsmoke, The mountains or far-away buildings are hard to see, Everything looks grey","wear a mask, bring alcohol spray",I feel a little bit annoyed,"Yes, sometimes I talk less because I want to keep my mask on.",Stay in a room with AC turned on with all windows closed.,A little less than before.,Fear of infection,"Yes, only when I feel bad or see dust.",Few times a week,I wear it because I want to protect my health.,"No, I still feel it is a dangerous and unusual problem, I only notice it during the very hot months (Jan-May)",I will stay here and just accept it as part of life.,"Yes, it is easier to talk and eat without it",Burning of agricultural fields and forests,Through a weather app or website (IQAir / AirVisual),"Yes, I believe it will get better."
R146,EN,English,Dummy,Dummy generated from English response pattern,6/5/2026 17:24,"Allergic reactions (sneezing, itchy eyes)",26-40,"Playing sports outdoors (football, running, etc.), Working or studying in outdoor areas",Face masks,"The air smells like like burning or woodsmoke, The mountains or far-away buildings are hard to see, Everything looks grey","wear a mask, bring alcohol spray",I feel a little bit annoyed,"No, the smoke doesn't change how I socialize or talk to people.",Use fans and keep the window open.,A little less than before.,"Habit, protect themselves from catching a virus","Yes, only when I feel bad or see dust.",Few times a week,"I wear it sometimes, but take it off when I'm not at work.","No, I still feel it is a dangerous and unusual problem","I don't care about the smoke, I just focus on my daily life.","Yes, it is easier to talk and eat without it","Burning of agricultural fields and forests, Smoke coming from across the border / areas, Mountainous geography",Through a weather app or website (IQAir / AirVisual),"Yes, I believe it will get better."
R147,EN,English,Dummy,Dummy generated from English response pattern,2/5/2026 2:14,"Allergic reactions (sneezing, itchy eyes)",Over 40,"Playing sports outdoors (football, running, etc.), Exercising or walking outside","Face masks, More electricity for fans or Air Conditioning (AC)","More people are wearing masks, Fewer people are walking around or shopping, The mountains or far-away buildings are hard to see, Everything looks grey","wear a mask, bring alcohol spray",I feel a little bit annoyed,"No, the smoke doesn't change how I socialize or talk to people.",Use fans and keep the window open.,Only for work or food.,"As the weather is hot, wearing mask outdoors can be very uncomfortable. Some people probably cannot afford buying masks. For me personally, I don’t want to wear masks for a long time as they irritate my skin and cause acne problems.","Yes, only when I feel bad or see dust.",Few times a week,I wear it because I want to protect my health.,"No, I still feel it is a dangerous and unusual problem","I don't care about the smoke, I just focus on my daily life.","Yes, I feel safe from the smoke inside",Burning of agricultural fields and forests,I check through social media (Facebook/Line groups),"No, I think it will stay the same or get worse."
R148,EN,English,Dummy,Dummy generated from English response pattern,1/5/2026 22:21,"Allergic reactions (sneezing, itchy eyes)",26-40,"Playing sports outdoors (football, running, etc.)",Air purifier or new filters,"The air smells like like burning or woodsmoke, The mountains or far-away buildings are hard to see, Everything looks grey","wear a mask, bring alcohol spray",I feel a little bit annoyed,"Yes, sometimes I talk less because I want to keep my mask on.",Open all windows and doors to let the air flow.,Staying inside mostly.,They might feel annoying and uncomfortable.,"No, I wear one all the time to stay safe.",Everyday,"I don't wear a mask, no one forces me to.","Yes, it's just a normal part of every year now, No, I still feel it is a dangerous and unusual problem, I only notice it during the very hot months (Jan-May)",I will stay here and just accept it as part of life.,I only wear it if there are many people around,Burning of agricultural fields and forests,Through a weather app or website (IQAir / AirVisual),"No, I think it will stay the same or get worse."
R149,EN,English,Dummy,Dummy generated from English response pattern,20/05/2026 03:58:43,"Allergic reactions (sneezing, itchy eyes)",26-40,"Hanging out with friends at cafes or parks, Exercising or walking outside","Face masks, Eye drops or nasal spray, Medicines for cough or allergies",More people are wearing masks,"wear a mask, bring alcohol spray",I feel a little bit annoyed,"No, the smoke doesn't change how I socialize or talk to people.",Monitor Air Quality: Only open windows for a quick "flush" of fresh air if the AQI (Air Quality Index) temporarily drops (usually in the very early morning or after a rare rain shower). Check apps like AirVisual or IQAir before opening up.,A little less than before.,"Habit, protect themselves from catching a virus","Yes, only when I feel bad or see dust.",Only when it's bad,I wear it because I want to protect my health.,"No, I still feel it is a dangerous and unusual problem","I want to leave, but I have no choice because of my work or school.","Yes, I feel safe from the smoke inside",Burning of agricultural fields and forests,Through a weather app or website (IQAir / AirVisual),"No, I think it will stay the same or get worse."
R150,EN,English,Dummy,Dummy generated from English response pattern,22/05/2026 08:35:52,Breathing problems or respiratory issues,Under 18,Exercising or walking outside,Medicines for cough or allergies,More people are wearing masks,travel by a car,I feel a little bit annoyed,"No, the smoke doesn't change how I socialize or talk to people.",Stay in a room with AC turned on with all windows closed.,Only for work or food.,Only few people really care about smoke in the environment. Many people do not pay attention to bad air quality in surroundings.,"Yes, only when I feel bad or see dust.",Few times a week,I wear it because I want to protect my health.,"Yes, it's just a normal part of every year now",I will stay here and just accept it as part of life.,"Yes, it is easier to talk and eat without it",Burning of agricultural fields and forests,Through a weather app or website (IQAir / AirVisual),"No, I think it will stay the same or get worse."
